race_ethnicity,cases,case_percentage,deaths,death_percentage,percent_ca_population,date
Latino,5276,35.99,170,28.38,38.9,2020-04-13
Latino,5910,37.18,203,29.72,38.9,2020-04-14
Latino,6433,37.8,226,29.7,38.9,2020-04-15
Latino,7013,38.51,254,29.85,38.9,2020-04-16
Latino,7627,39.41,281,30.58,38.9,2020-04-17
Latino,8195,40.28,314,31.24,38.9,2020-04-18
Latino,8397,40.37,326,31.38,38.9,2020-04-19
Latino,9090,40.52,337,31.09,38.9,2020-04-20
Latino,9701,41.03,364,31.11,38.9,2020-04-21
Latino,10385,42.05,406,32.04,38.9,2020-04-22
Latino,10964,42.63,447,32.23,38.9,2020-04-23
Latino,11630,43.35,476,32.47,38.9,2020-04-24
Latino,12092,43.85,502,32.56,38.9,2020-04-25
Latino,12465,44.09,514,32.74,38.9,2020-04-26
Latino,12890,44.37,555,33.39,38.9,2020-04-27
Latino,13608,44.7882039298292,589,33.8117106773823,38.9,2020-04-28
Latino,14351,45.2684373225664,620,34.009873834339,38.9,2020-04-29
Latino,15233,46.0,657,34.6,38.9,2020-04-30
Latino,16086,46.7371724097856,681,34.3939393939394,38.9,2020-05-01
Latino,17127,47.5,704,34.3,38.9,2020-05-02
Latino,17716,47.9277134509252,720,34.4168260038241,38.9,2020-05-03
Latino,18087,48.0,740,34.6,38.9,2020-05-04
Latino,19333,48.9,784,35.2,38.9,2020-05-05
Latino,20030,49.4,819,35.4,38.9,2020-05-06
Latino,20824,49.8,850,35.5,38.9,2020-05-07
Latino,21621,50.3,875,35.6,38.9,2020-05-08
Latino,22525,50.8,914,35.6,38.9,2020-05-09
Latino,22971,50.9,924,35.7,38.9,2020-05-10
Latino,23511,51.2,946,35.8,38.9,2020-05-11
Latino,24511,51.7,984,36.1,38.9,2020-05-12
Latino,25582,52.0,1022,36.6,38.9,2020-05-13
Latino,26880,52.6,1060,36.7,38.9,2020-05-14
White,4639,31.64,246,41.07,36.6,2020-04-13
White,4939,31.07,264,38.65,36.6,2020-04-14
White,5239,30.79,286,37.58,36.6,2020-04-15
White,5504,30.22,314,36.9,36.6,2020-04-16
White,5757,29.75,333,36.24,36.6,2020-04-17
White,5945,29.22,357,35.52,36.6,2020-04-18
White,6051,29.09,368,35.42,36.6,2020-04-19
White,6257,27.89,388,35.79,36.6,2020-04-20
White,6982,29.53,417,35.64,36.6,2020-04-21
White,7206,29.18,442,34.89,36.6,2020-04-22
White,7422,28.86,485,34.97,36.6,2020-04-23
White,7618,28.39,512,34.92,36.6,2020-04-24
White,7739,28.07,536,34.76,36.6,2020-04-25
White,7885,27.89,543,34.59,36.6,2020-04-26
White,8064,27.76,582,35.02,36.6,2020-04-27
White,8339,27.4462692953296,613,35.1894374282434,36.6,2020-04-28
White,8674,27.3610497760394,633,34.7229840921558,36.6,2020-04-29
White,8926,27.0,655,34.5,36.6,2020-04-30
White,9119,26.4948573420884,683,34.4949494949495,36.6,2020-05-01
White,9449,26.2,721,35.1,36.6,2020-05-02
White,9607,25.9901525808895,730,34.8948374760994,36.6,2020-05-03
White,9724,25.8,744,34.8,36.6,2020-05-04
White,9998,25.3,766,34.4,36.6,2020-05-05
White,10158,25.0,794,34.3,36.6,2020-05-06
White,10375,24.8,818,34.2,36.6,2020-05-07
White,10508,24.4,848,34.5,36.6,2020-05-08
White,10740,24.2,891,34.7,36.6,2020-05-09
White,10863,24.1,897,34.6,36.6,2020-05-10
White,10997,23.9,914,34.6,36.6,2020-05-11
White,11210,23.6,937,34.4,36.6,2020-05-12
White,11625,23.6,961,34.4,36.6,2020-05-13
White,11956,23.4050466887223,991,34.3,36.6,2020-05-14
Asian,1902,12.97,98,16.36,15.4,2020-04-13
Asian,2045,12.87,103,15.08,15.4,2020-04-14
Asian,2161,12.7,122,16.03,15.4,2020-04-15
Asian,2361,12.96,135,15.86,15.4,2020-04-16
Asian,2489,12.86,147,16.0,15.4,2020-04-17
Asian,2605,12.81,162,16.12,15.4,2020-04-18
Asian,2635,12.67,169,16.27,15.4,2020-04-19
Asian,2741,12.22,175,16.14,15.4,2020-04-20
Asian,3020,12.77,206,17.61,15.4,2020-04-21
Asian,3133,12.69,224,17.68,15.4,2020-04-22
Asian,3241,12.6,237,17.09,15.4,2020-04-23
Asian,3357,12.51,250,17.05,15.4,2020-04-24
Asian,3438,12.47,266,17.25,15.4,2020-04-25
Asian,3508,12.41,271,17.26,15.4,2020-04-26
Asian,3609,12.42,283,17.03,15.4,2020-04-27
Asian,3721,12.2469802192015,292,16.7623421354765,15.4,2020-04-28
Asian,3848,12.1380354551763,308,16.8952276467362,15.4,2020-04-29
Asian,3988,12.0,324,17.0,15.4,2020-04-30
Asian,4103,11.9210878028938,336,16.969696969697,15.4,2020-05-01
Asian,4244,11.8,345,16.8,15.4,2020-05-02
Asian,4320,11.6870468564008,355,16.9694072657744,15.4,2020-05-03
Asian,4383,11.6,361,16.9,15.4,2020-05-04
Asian,4519,11.4,371,16.7,15.4,2020-05-05
Asian,4612,11.4,384,16.6,15.4,2020-05-06
Asian,4735,11.3,393,16.4,15.4,2020-05-07
Asian,4826,11.2,401,16.3,15.4,2020-05-08
Asian,4935,11.1,417,16.2,15.4,2020-05-09
Asian,5020,11.1,421,16.3,15.4,2020-05-10
Asian,5091,11.1,425,16.1,15.4,2020-05-11
Asian,5206,11.0,432,15.9,15.4,2020-05-12
Asian,5339,10.8,437,15.7,15.4,2020-05-13
Asian,5421,10.6121410253901,452,15.7,15.4,2020-05-14
Black,1030,7.03,61,10.18,6.0,2020-04-13
Black,1107,6.96,79,11.57,6.0,2020-04-14
Black,1176,6.91,87,11.43,6.0,2020-04-15
Black,1244,6.83,103,12.1,6.0,2020-04-16
Black,1312,6.78,110,11.97,6.0,2020-04-17
Black,1376,6.76,120,11.94,6.0,2020-04-18
Black,1414,6.8,125,12.03,6.0,2020-04-19
Black,1479,6.59,130,11.99,6.0,2020-04-20
Black,1630,6.89,138,11.79,6.0,2020-04-21
Black,1682,6.81,149,11.76,6.0,2020-04-22
Black,1750,6.81,157,11.32,6.0,2020-04-23
Black,1801,6.71,165,11.26,6.0,2020-04-24
Black,1839,6.67,170,11.02,6.0,2020-04-25
Black,1871,6.62,173,11.02,6.0,2020-04-26
Black,1903,6.55,177,10.65,6.0,2020-04-27
Black,1977,6.50692821643682,186,10.6773823191734,6.0,2020-04-28
Black,2055,6.48224086808403,196,10.7515085024685,6.0,2020-04-29
Black,2131,6.4,201,10.6,6.0,2020-04-30
Black,2210,6.42105874832936,211,10.6565656565657,6.0,2020-05-01
Black,2289,6.3,214,10.4,6.0,2020-05-02
Black,2330,6.30343036467915,216,10.3250478011472,6.0,2020-05-03
Black,2363,6.3,220,10.3,6.0,2020-05-04
Black,2456,6.2,230,10.3,6.0,2020-05-05
Black,2527,6.2,238,10.3,6.0,2020-05-06
Black,2597,6.2,246,10.3,6.0,2020-05-07
Black,2659,6.2,252,10.3,6.0,2020-05-08
Black,2741,6.2,264,10.3,6.0,2020-05-09
Black,2777,6.2,266,10.3,6.0,2020-05-10
Black,2812,6.1,271,10.3,6.0,2020-05-11
Black,2869,6.1,280,10.3,6.0,2020-05-12
Black,2937,6.0,285,10.2,6.0,2020-05-13
Black,3026,5.92369281365621,292,10.1,6.0,2020-05-14
Multiracial,268,1.83,8,1.34,2.2,2020-04-13
Multiracial,303,1.91,9,1.32,2.2,2020-04-14
Multiracial,329,1.93,10,1.31,2.2,2020-04-15
Multiracial,362,1.99,11,1.29,2.2,2020-04-16
Multiracial,376,1.94,11,1.2,2.2,2020-04-17
Multiracial,390,1.92,11,1.09,2.2,2020-04-18
Multiracial,398,1.91,13,1.25,2.2,2020-04-19
Multiracial,876,3.9,16,1.48,2.2,2020-04-20
Multiracial,189,0.8,3,0.26,2.2,2020-04-21
Multiracial,201,0.81,3,0.24,2.2,2020-04-22
Multiracial,208,0.81,3,0.22,2.2,2020-04-23
Multiracial,217,0.81,4,0.27,2.2,2020-04-24
Multiracial,225,0.82,4,0.26,2.2,2020-04-25
Multiracial,231,0.82,4,0.25,2.2,2020-04-26
Multiracial,238,0.82,4,0.24,2.2,2020-04-27
Multiracial,249,0.81953724122042,5,0.28702640642939,2.2,2020-04-28
Multiracial,263,0.82960065611002,7,0.38398244651673,2.2,2020-04-29
Multiracial,282,0.9,7,0.4,2.2,2020-04-30
Multiracial,296,0.86001510837353,8,0.4040404040404,2.2,2020-05-01
Multiracial,309,0.9,8,0.4,2.2,2020-05-02
Multiracial,318,0.86029650470728,8,0.38240917782027,2.2,2020-05-03
Multiracial,324,0.9,8,0.4,2.2,2020-05-04
Multiracial,339,0.9,9,0.4,2.2,2020-05-05
Multiracial,354,0.9,10,0.4,2.2,2020-05-06
Multiracial,368,0.9,11,0.5,2.2,2020-05-07
Multiracial,379,0.9,11,0.4,2.2,2020-05-08
Multiracial,396,0.9,14,0.5,2.2,2020-05-09
Multiracial,400,0.9,14,0.5,2.2,2020-05-10
Multiracial,405,0.9,14,0.5,2.2,2020-05-11
Multiracial,416,0.9,13,0.5,2.2,2020-05-12
Multiracial,436,0.9,13,0.5,2.2,2020-05-13
Multiracial,451,0.88287688663548,13,0.5,2.2,2020-05-14
American Indian or Alaska Native,33,0.23,3,0.5,0.5,2020-04-13
American Indian or Alaska Native,33,0.21,3,0.44,0.5,2020-04-14
American Indian or Alaska Native,32,0.19,3,0.39,0.5,2020-04-15
American Indian or Alaska Native,34,0.19,4,0.47,0.5,2020-04-16
American Indian or Alaska Native,38,0.2,4,0.44,0.5,2020-04-17
American Indian or Alaska Native,39,0.19,4,0.4,0.5,2020-04-18
American Indian or Alaska Native,40,0.19,4,0.38,0.5,2020-04-19
American Indian or Alaska Native,43,0.19,4,0.37,0.5,2020-04-20
American Indian or Alaska Native,50,0.21,4,0.34,0.5,2020-04-21
American Indian or Alaska Native,53,0.21,5,0.39,0.5,2020-04-22
American Indian or Alaska Native,53,0.21,7,0.5,0.5,2020-04-23
American Indian or Alaska Native,56,0.21,7,0.48,0.5,2020-04-24
American Indian or Alaska Native,58,0.21,7,0.45,0.5,2020-04-25
American Indian or Alaska Native,59,0.21,7,0.45,0.5,2020-04-26
American Indian or Alaska Native,63,0.22,7,0.42,0.5,2020-04-27
American Indian or Alaska Native,71,0.23368330974558,7,0.40183696900115,0.5,2020-04-28
American Indian or Alaska Native,73,0.2302693836351,7,0.38398244651673,0.5,2020-04-29
American Indian or Alaska Native,66,0.2,7,0.4,0.5,2020-04-30
American Indian or Alaska Native,68,0.19757103841013,7,0.35353535353535,0.5,2020-05-01
American Indian or Alaska Native,70,0.2,7,0.3,0.5,2020-05-02
American Indian or Alaska Native,71,0.19207877935288,7,0.33460803059273,0.5,2020-05-03
American Indian or Alaska Native,72,0.2,7,0.3,0.5,2020-05-04
American Indian or Alaska Native,74,0.2,8,0.4,0.5,2020-05-05
American Indian or Alaska Native,75,0.2,8,0.3,0.5,2020-05-06
American Indian or Alaska Native,78,0.2,8,0.3,0.5,2020-05-07
American Indian or Alaska Native,80,0.2,8,0.3,0.5,2020-05-08
American Indian or Alaska Native,84,0.2,8,0.3,0.5,2020-05-09
American Indian or Alaska Native,87,0.2,8,0.3,0.5,2020-05-10
American Indian or Alaska Native,89,0.2,9,0.3,0.5,2020-05-11
American Indian or Alaska Native,91,0.2,9,0.3,0.5,2020-05-12
American Indian or Alaska Native,92,0.2,10,0.4,0.5,2020-05-13
American Indian or Alaska Native,95,0.18597184973475,11,0.4,0.5,2020-05-14
Native Hawaiian or Pacific Islander,243,1.66,4,0.67,0.3,2020-04-13
Native Hawaiian or Pacific Islander,252,1.59,6,0.88,0.3,2020-04-14
Native Hawaiian or Pacific Islander,262,1.54,9,1.18,0.3,2020-04-15
Native Hawaiian or Pacific Islander,279,1.53,12,1.41,0.3,2020-04-16
Native Hawaiian or Pacific Islander,290,1.5,13,1.41,0.3,2020-04-17
Native Hawaiian or Pacific Islander,304,1.49,14,1.39,0.3,2020-04-18
Native Hawaiian or Pacific Islander,310,1.49,14,1.35,0.3,2020-04-19
Native Hawaiian or Pacific Islander,315,1.4,14,1.29,0.3,2020-04-20
Native Hawaiian or Pacific Islander,336,1.42,14,1.2,0.3,2020-04-21
Native Hawaiian or Pacific Islander,339,1.37,15,1.18,0.3,2020-04-22
Native Hawaiian or Pacific Islander,347,1.35,16,1.15,0.3,2020-04-23
Native Hawaiian or Pacific Islander,357,1.33,17,1.16,0.3,2020-04-24
Native Hawaiian or Pacific Islander,359,1.3,17,1.1,0.3,2020-04-25
Native Hawaiian or Pacific Islander,368,1.3,18,1.15,0.3,2020-04-26
Native Hawaiian or Pacific Islander,372,1.28,18,1.08,0.3,2020-04-27
Native Hawaiian or Pacific Islander,385,1.26715597538097,17,0.97588978185993,0.3,2020-04-28
Native Hawaiian or Pacific Islander,392,1.23651504636931,19,1.04223806911684,0.3,2020-04-29
Native Hawaiian or Pacific Islander,400,1.2,18,0.9,0.3,2020-04-30
Native Hawaiian or Pacific Islander,406,1.17961531756639,18,0.90909090909091,0.3,2020-05-01
Native Hawaiian or Pacific Islander,412,1.1,20,1.0,0.3,2020-05-02
Native Hawaiian or Pacific Islander,416,1.12541932691267,20,0.95602294455067,0.3,2020-05-03
Native Hawaiian or Pacific Islander,420,1.1,20,0.9,0.3,2020-05-04
Native Hawaiian or Pacific Islander,428,1.1,21,0.9,0.3,2020-05-05
Native Hawaiian or Pacific Islander,431,1.1,21,0.9,0.3,2020-05-06
Native Hawaiian or Pacific Islander,443,1.1,24,1.0,0.3,2020-05-07
Native Hawaiian or Pacific Islander,450,1.0,24,1.0,0.3,2020-05-08
Native Hawaiian or Pacific Islander,454,1.0,24,0.9,0.3,2020-05-09
Native Hawaiian or Pacific Islander,455,1.0,24,0.9,0.3,2020-05-10
Native Hawaiian or Pacific Islander,463,1.0,24,0.9,0.3,2020-05-11
Native Hawaiian or Pacific Islander,477,1.0,25,0.9,0.3,2020-05-12
Native Hawaiian or Pacific Islander,488,1.0,25,0.9,0.3,2020-05-13
Native Hawaiian or Pacific Islander,520,1.01795117749545,28,1.0,0.3,2020-05-14
Other,1269,8.66,9,1.5,0.0,2020-04-13
Other,1306,8.22,16,2.34,0.0,2020-04-14
Other,1385,8.14,18,2.37,0.0,2020-04-15
Other,1414,7.76,18,2.12,0.0,2020-04-16
Other,1463,7.56,20,2.18,0.0,2020-04-17
Other,1489,7.32,23,2.29,0.0,2020-04-18
Other,1555,7.48,20,1.92,0.0,2020-04-19
Other,1632,7.27,20,1.85,0.0,2020-04-20
Other,1735,7.34,24,2.05,0.0,2020-04-21
Other,1698,6.88,23,1.82,0.0,2020-04-22
Other,1731,6.73,35,2.52,0.0,2020-04-23
Other,1794,6.69,35,2.39,0.0,2020-04-24
Other,1824,6.61,40,2.59,0.0,2020-04-25
Other,1882,6.66,40,2.55,0.0,2020-04-26
Other,1911,6.58,36,2.17,0.0,2020-04-27
Other,2033,6.69124181285587,33,1.89437428243398,0.0,2020-04-28
Other,2046,6.45385149201943,33,1.8102029621503,0.0,2020-04-29
Other,2089,6.3,32,1.7,0.0,2020-04-30
Other,2130,6.18862223255274,36,1.81818181818182,0.0,2020-05-01
Other,2151,6.0,35,1.7,0.0,2020-05-02
Other,2186,5.91386213613245,36,1.7208413001912,0.0,2020-05-03
Other,2275,6.0,36,1.7,0.0,2020-05-04
Other,2365,6.0,39,1.8,0.0,2020-05-05
Other,2375,5.9,41,1.8,0.0,2020-05-06
Other,2391,5.7,42,1.8,0.0,2020-05-07
Other,2457,5.7,39,1.6,0.0,2020-05-08
Other,2485,5.6,36,1.4,0.0,2020-05-09
Other,2545,5.6,36,1.4,0.0,2020-05-10
Other,2575,5.6,36,1.4,0.0,2020-05-11
Other,2636,5.6,42,1.5,0.0,2020-05-12
Other,2715,5.5,39,1.4,0.0,2020-05-13
Other,2734,5.35207407552415,40,1.4,0.0,2020-05-14
Multiracial,483,0.9,18,0.6,2.2,2020-05-15
Multiracial,490,0.9,20,0.7,2.2,2020-05-16
Multiracial,498,0.9,21,0.7,2.2,2020-05-17
Multiracial,504,0.9,21,0.7,2.2,2020-05-18
Multiracial,517,0.9,23,0.7,2.2,2020-05-19
Multiracial,527,0.9,23,0.7,2.2,2020-05-20
Multiracial,542,0.9,23,0.7,2.2,2020-05-21
Multiracial,559,0.9,23,0.7,2.2,2020-05-22
Multiracial,562,0.9,24,0.7,2.2,2020-05-23
Multiracial,567,0.9,24,0.7,2.2,2020-05-24
Multiracial,571,0.8,24,0.7,2.2,2020-05-25
Multiracial,574,0.8,24,0.7,2.2,2020-05-26
Multiracial,584,0.8,25,0.7,2.2,2020-05-27
Multiracial,594,0.8,25,0.7,2.2,2020-05-28
Multiracial,599,0.8,24,0.6,2.2,2020-05-29
Multiracial,617,0.8,26,0.7,2.2,2020-05-30
Multiracial,618,0.8,26,0.6,2.2,2020-05-31
Native Hawaiian or Pacific Islander,523,1.0,28,0.9,0.3,2020-05-15
Native Hawaiian or Pacific Islander,526,1.0,28,0.9,0.3,2020-05-16
Native Hawaiian or Pacific Islander,537,1.0,28,0.9,0.3,2020-05-17
Native Hawaiian or Pacific Islander,542,1.0,27,0.8,0.3,2020-05-18
Native Hawaiian or Pacific Islander,547,0.9,27,0.8,0.3,2020-05-19
Native Hawaiian or Pacific Islander,553,0.9,27,0.8,0.3,2020-05-20
Native Hawaiian or Pacific Islander,559,0.9,27,0.8,0.3,2020-05-21
Native Hawaiian or Pacific Islander,563,0.9,28,0.8,0.3,2020-05-22
Native Hawaiian or Pacific Islander,565,0.9,28,0.8,0.3,2020-05-23
Native Hawaiian or Pacific Islander,573,0.9,28,0.8,0.3,2020-05-24
Native Hawaiian or Pacific Islander,577,0.9,28,0.8,0.3,2020-05-25
Native Hawaiian or Pacific Islander,587,0.8,28,0.8,0.3,2020-05-26
Native Hawaiian or Pacific Islander,593,0.8,29,0.8,0.3,2020-05-27
Native Hawaiian or Pacific Islander,595,0.8,30,0.8,0.3,2020-05-28
Native Hawaiian or Pacific Islander,608,0.8,29,0.7,0.3,2020-05-29
Native Hawaiian or Pacific Islander,612,0.8,28,0.7,0.3,2020-05-30
Native Hawaiian or Pacific Islander,617,0.8,29,0.7,0.3,2020-05-31
Latino,27943,53.0,1110,37.1,38.9,2020-05-15
Latino,29208,53.5,1137,37.2,38.9,2020-05-16
Latino,29693,53.4,1173,37.3,38.9,2020-05-17
Latino,30391,53.5,1187,37.4,38.9,2020-05-18
Latino,31432,53.9,1235,37.5,38.9,2020-05-19
Latino,32662,54.4,1271,37.6,38.9,2020-05-20
Latino,33639,54.5,1308,37.8,38.9,2020-05-21
Latino,34809,54.8,1329,37.9,38.9,2020-05-22
Latino,35760,54.9,1357,38.0,38.9,2020-05-23
Latino,36371,54.8,1367,38.0,38.9,2020-05-24
Latino,36850,54.6,1373,38.1,38.9,2020-05-25
Latino,37768,54.5,1383,38.1,38.9,2020-05-26
Latino,38929,54.5,1434,38.4,38.9,2020-05-27
Latino,40134,54.6,1465,38.5,38.9,2020-05-28
Latino,41386,54.6,1506,38.7,38.9,2020-05-29
Latino,42897,54.5,1545,39.0,38.9,2020-05-30
Latino,43392,54.3,1563,39.0,38.9,2020-05-31
Latino,43951,54.2,1582,39.0,38.9,2020-06-01
Latino,44975,54.1,1631,39.2,38.9,2020-06-02
Latino,45965,54.2,1665,39.4,38.9,2020-06-03
Latino,47514,54.5,1692,39.4,38.9,2020-06-04
Latino,48779,54.7,1715,39.4,38.9,2020-06-05
Latino,50302,55.1,1747,39.5,38.9,2020-06-06
White,12153,23.0,1021,34.1,36.6,2020-05-15
White,12452,22.8,1039,34.0,36.6,2020-05-16
White,12598,22.7,1080,34.3,36.6,2020-05-17
White,12960,22.8,1096,34.5,36.6,2020-05-18
White,13185,22.6,1125,34.2,36.6,2020-05-19
White,13437,22.4,1158,34.3,36.6,2020-05-20
White,13762,22.3,1180,34.1,36.6,2020-05-21
White,14007,22.1,1195,34.1,36.6,2020-05-22
White,14218,21.8,1228,34.4,36.6,2020-05-23
White,14367,21.6,1232,34.3,36.6,2020-05-24
White,14498,21.5,1236,34.3,36.6,2020-05-25
White,14640,21.1,1241,34.2,36.6,2020-05-26
White,14915,20.9,1260,33.8,36.6,2020-05-27
White,15132,20.6,1289,33.8,36.6,2020-05-28
White,15357,20.3,1317,33.8,36.6,2020-05-29
White,15843,20.1,1333,33.6,36.6,2020-05-30
White,15954,20.0,1344,33.6,36.6,2020-05-31
White,16114,19.9,1369,33.7,36.6,2020-06-01
White,16402,19.7,1395,33.6,36.6,2020-06-02
White,16634,19.6,1416,33.5,36.6,2020-06-03
White,17013,19.5,1432,33.4,36.6,2020-06-04
White,17221,19.3,1457,33.5,36.6,2020-06-05
White,17486,19.1,1475,33.3,36.6,2020-06-06
Asian,5595,10.6,461,15.4,15.4,2020-05-15
Asian,5804,10.6,468,15.3,15.4,2020-05-16
Asian,5952,10.7,472,15.0,15.4,2020-05-17
Asian,6003,10.6,475,14.9,15.4,2020-05-18
Asian,6119,10.5,496,15.1,15.4,2020-05-19
Asian,6210,10.3,508,15.0,15.4,2020-05-20
Asian,6344,10.3,514,14.9,15.4,2020-05-21
Asian,6441,10.1,520,14.8,15.4,2020-05-22
Asian,6518,10.0,528,14.8,15.4,2020-05-23
Asian,6571,9.9,531,14.8,15.4,2020-05-24
Asian,6642,9.8,533,14.8,15.4,2020-05-25
Asian,6716,9.7,539,14.8,15.4,2020-05-26
Asian,6809,9.5,551,14.8,15.4,2020-05-27
Asian,6896,9.4,563,14.8,15.4,2020-05-28
Asian,7090,9.4,577,14.8,15.4,2020-05-29
Asian,7209,9.2,591,14.9,15.4,2020-05-30
Asian,7237,9.1,595,14.9,15.4,2020-05-31
Asian,7291,9.0,601,14.8,15.4,2020-06-01
Asian,7387,8.9,613,14.7,15.4,2020-06-02
Asian,7471,8.8,619,14.6,15.4,2020-06-03
Asian,7638,8.8,644,15.0,15.4,2020-06-04
Asian,7723,8.7,652,15.0,15.4,2020-06-05
Asian,7821,8.6,661,14.9,15.4,2020-06-06
Black,3178,6.0,304,10.2,6.0,2020-05-15
Black,3221,5.9,311,10.2,6.0,2020-05-16
Black,3267,5.9,321,10.2,6.0,2020-05-17
Black,3334,5.9,323,10.2,6.0,2020-05-18
Black,3418,5.9,335,10.2,6.0,2020-05-19
Black,3465,5.8,344,10.2,6.0,2020-05-20
Black,3533,5.7,353,10.2,6.0,2020-05-21
Black,3616,5.7,357,10.2,6.0,2020-05-22
Black,3660,5.6,360,10.1,6.0,2020-05-23
Black,3699,5.6,362,10.1,6.0,2020-05-24
Black,3757,5.6,363,10.1,6.0,2020-05-25
Black,3797,5.5,369,10.2,6.0,2020-05-26
Black,3863,5.4,377,10.1,6.0,2020-05-27
Black,3914,5.3,383,10.1,6.0,2020-05-28
Black,4045,5.3,389,10.0,6.0,2020-05-29
Black,4137,5.3,397,10.0,6.0,2020-05-30
Black,4172,5.2,399,10.0,6.0,2020-05-31
Black,4218,5.2,408,10.0,6.0,2020-06-01
Black,4298,5.2,414,10.0,6.0,2020-06-02
Black,4378,5.2,424,10.0,6.0,2020-06-03
Black,4474,5.1,431,10.0,6.0,2020-06-04
Black,4528,5.1,432,9.9,6.0,2020-06-05
Black,4575,5.0,439,9.9,6.0,2020-06-06
Multi-Race,625,0.8,26,0.6,2.2,2020-06-01
Multi-Race,638,0.8,26,0.6,2.2,2020-06-02
Multi-Race,645,0.8,27,0.6,2.2,2020-06-03
Multi-Race,654,0.7,28,0.7,2.2,2020-06-04
Multi-Race,665,0.7,29,0.7,2.2,2020-06-05
Multi-Race,683,0.7,29,0.7,2.2,2020-06-06
American Indian or Alaska Native,99,0.2,13,0.4,0.5,2020-05-15
American Indian or Alaska Native,104,0.2,14,0.5,0.5,2020-05-16
American Indian or Alaska Native,108,0.2,14,0.4,0.5,2020-05-17
American Indian or Alaska Native,111,0.2,14,0.4,0.5,2020-05-18
American Indian or Alaska Native,113,0.2,14,0.4,0.5,2020-05-19
American Indian or Alaska Native,120,0.2,14,0.4,0.5,2020-05-20
American Indian or Alaska Native,121,0.2,15,0.4,0.5,2020-05-21
American Indian or Alaska Native,122,0.2,14,0.4,0.5,2020-05-22
American Indian or Alaska Native,126,0.2,14,0.4,0.5,2020-05-23
American Indian or Alaska Native,132,0.2,14,0.4,0.5,2020-05-24
American Indian or Alaska Native,137,0.2,14,0.4,0.5,2020-05-25
American Indian or Alaska Native,139,0.2,14,0.4,0.5,2020-05-26
American Indian or Alaska Native,144,0.2,14,0.4,0.5,2020-05-27
American Indian or Alaska Native,148,0.2,14,0.4,0.5,2020-05-28
American Indian or Alaska Native,155,0.2,14,0.4,0.5,2020-05-29
American Indian or Alaska Native,161,0.2,14,0.4,0.5,2020-05-30
American Indian or Alaska Native,167,0.2,14,0.3,0.5,2020-05-31
American Indian or Alaska Native,170,0.2,14,0.3,0.5,2020-06-01
American Indian or Alaska Native,173,0.2,14,0.3,0.5,2020-06-02
American Indian or Alaska Native,178,0.2,13,0.3,0.5,2020-06-03
American Indian or Alaska Native,183,0.2,13,0.3,0.5,2020-06-04
American Indian or Alaska Native,186,0.2,13,0.3,0.5,2020-06-05
American Indian or Alaska Native,187,0.2,13,0.3,0.5,2020-06-06
Native Hawaiian and other Pacific Islander,631,0.8,30,0.7,0.3,2020-06-01
Latino,55439,55.8,1888,40.2,38.9,2020-06-10
White,18312,18.4,1553,33.1,36.6,2020-06-10
Asian,8088,8.1,691,14.7,15.4,2020-06-10
Black,4777,4.8,454,9.7,6.0,2020-06-10
Multi-Race,725,0.7,32,0.7,2.2,2020-06-10
American Indian or Alaska Native,195,0.2,14,0.3,0.5,2020-06-10
Native Hawaiian and other Pacific Islander,721,0.7,21,0.4,0.3,2020-06-10
Other,11136,11.2,40,0.9,0.0,2020-06-10
Latino,52550,55.3,1787,39.7,38.9,2020-06-08
White,17825,18.8,1500,33.3,36.6,2020-06-08
Asian,7939,8.4,675,15.0,15.4,2020-06-08
Black,4655,4.9,442,9.8,6.0,2020-06-08
Multi-Race,689,0.7,29,0.6,2.2,2020-06-08
American Indian or Alaska Native,189,0.2,13,0.3,0.5,2020-06-08
Native Hawaiian and other Pacific Islander,699,0.7,20,0.4,0.3,2020-06-08
Other,10476,11.0,37,0.8,0.0,2020-06-08
Native Hawaiian and other Pacific Islander,652,0.8,31,0.7,0.3,2020-06-02
Native Hawaiian and other Pacific Islander,666,0.8,33,0.8,0.3,2020-06-03
Native Hawaiian and other Pacific Islander,669,0.8,19,0.4,0.3,2020-06-04
Native Hawaiian and other Pacific Islander,683,0.8,20,0.5,0.3,2020-06-05
Native Hawaiian and other Pacific Islander,683,0.7,21,0.5,0.3,2020-06-06
Other,2751,5.2,38,1.3,0.0,2020-05-15
Other,2824,5.2,40,1.3,0.0,2020-05-16
Other,2902,5.2,36,1.1,0.0,2020-05-17
Other,2984,5.3,35,1.1,0.0,2020-05-18
Other,3015,5.2,38,1.2,0.0,2020-05-19
Other,3070,5.1,36,1.1,0.0,2020-05-20
Other,3253,5.3,37,1.1,0.0,2020-05-21
Other,3388,5.3,38,1.1,0.0,2020-05-22
Other,3780,5.8,35,1.0,0.0,2020-05-23
Other,4099,6.2,35,1.0,0.0,2020-05-24
Other,4515,6.7,35,1.0,0.0,2020-05-25
Other,5026,7.3,35,1.0,0.0,2020-05-26
Other,5624,7.9,40,1.1,0.0,2020-05-27
Other,6057,8.2,39,1.0,0.0,2020-05-28
Other,6529,8.6,36,0.9,0.0,2020-05-29
Other,7163,9.1,32,0.8,0.0,2020-05-30
Other,7689,9.6,33,0.8,0.0,2020-05-31
Other,8140,10.0,30,0.7,0.0,2020-06-01
Other,8626,10.4,32,0.8,0.0,2020-06-02
Other,8902,10.5,33,0.8,0.0,2020-06-03
Other,9086,10.4,33,0.8,0.0,2020-06-04
Other,9313,10.5,33,0.8,0.0,2020-06-05
Other,9603,10.5,38,0.9,0.0,2020-06-06
Latino,51166,55.1,1757,39.5,38.9,2020-06-07
White,17640,19.0,1481,33.3,36.6,2020-06-07
Asian,7875,8.5,668,15.0,15.4,2020-06-07
Black,4608,5.0,442,9.9,6.0,2020-06-07
Multi-Race,685,0.7,29,0.7,2.2,2020-06-07
American Indian or Alaska Native,187,0.2,13,0.3,0.5,2020-06-07
Native Hawaiian and other Pacific Islander,688,0.7,21,0.5,0.3,2020-06-07
Other,9985,10.8,37,0.8,0.0,2020-06-07
Latino,54151,55.6,1837,39.9,38.9,2020-06-09
White,18064,18.6,1524,33.1,36.6,2020-06-09
Asian,8019,8.2,684,14.9,15.4,2020-06-09
Black,4713,4.8,451,9.8,6.0,2020-06-09
Multi-Race,706,0.7,31,0.7,2.2,2020-06-09
American Indian or Alaska Native,191,0.2,13,0.3,0.5,2020-06-09
Native Hawaiian and other Pacific Islander,708,0.7,21,0.5,0.3,2020-06-09
Other,10784,11.1,39,0.8,0.0,2020-06-09
Latino,56896,56.2,1912,40.2,38.9,2020-06-11
White,18528,18.3,1582,33.2,36.6,2020-06-11
Asian,8152,8.0,697,14.6,15.4,2020-06-11
Black,4832,4.8,458,9.6,6.0,2020-06-11
Multi-Race,744,0.7,33,0.7,2.2,2020-06-11
American Indian or Alaska Native,199,0.2,14,0.3,0.5,2020-06-11
Native Hawaiian and other Pacific Islander,728,0.7,23,0.5,0.3,2020-06-11
Other,11229,11.1,39,0.8,0.0,2020-06-11
Latino,58415,56.3,1941,40.4,38.9,2020-06-12
White,18783,18.1,1594,33.2,36.6,2020-06-12
Asian,8271,8.0,709,14.8,15.4,2020-06-12
Black,4906,4.7,458,9.5,6.0,2020-06-12
Multi-Race,775,0.7,33,0.7,2.2,2020-06-12
American Indian or Alaska Native,201,0.2,13,0.3,0.5,2020-06-12
Native Hawaiian and other Pacific Islander,735,0.7,24,0.5,0.3,2020-06-12
Other,11654,11.2,34,0.7,0.0,2020-06-12
Latino,59702,56.4,1985,40.4,38.9,2020-06-13
White,19045,18.0,1632,33.2,36.6,2020-06-13
Asian,8350,7.9,722,14.7,15.4,2020-06-13
Black,4966,4.7,470,9.6,6.0,2020-06-13
Multi-Race,789,0.7,35,0.7,2.2,2020-06-13
American Indian or Alaska Native,204,0.2,14,0.3,0.5,2020-06-13
Native Hawaiian and other Pacific Islander,743,0.7,23,0.5,0.3,2020-06-13
Other,11981,11.3,35,0.7,0.0,2020-06-13
Latino,60377,56.3,1992,40.4,38.9,2020-06-14
White,19240,17.9,1639,33.2,36.6,2020-06-14
Asian,8397,7.8,724,14.7,15.4,2020-06-14
Black,4999,4.7,471,9.5,6.0,2020-06-14
Multi-Race,789,0.7,36,0.7,2.2,2020-06-14
American Indian or Alaska Native,206,0.2,14,0.3,0.5,2020-06-14
Native Hawaiian and other Pacific Islander,747,0.7,23,0.5,0.3,2020-06-14
Other,12444,11.6,36,0.7,0.0,2020-06-14
Latino,61492,56.4,2004,40.4,38.9,2020-06-15
White,19424,17.8,1646,33.2,36.6,2020-06-15
Asian,8448,7.7,726,14.6,15.4,2020-06-15
Black,5043,4.6,474,9.6,6.0,2020-06-15
Multi-Race,794,0.7,36,0.7,2.2,2020-06-15
American Indian or Alaska Native,208,0.2,14,0.3,0.5,2020-06-15
Native Hawaiian and other Pacific Islander,753,0.7,23,0.5,0.3,2020-06-15
Other,12858,11.8,36,0.7,0.0,2020-06-15
Latino,63202,56.6,2029,40.5,38.9,2020-06-16
White,19766,17.7,1660,33.1,36.6,2020-06-16
Asian,8538,7.6,734,14.6,15.4,2020-06-16
Black,5128,4.6,479,9.6,6.0,2020-06-16
Multi-Race,803,0.7,36,0.7,2.2,2020-06-16
American Indian or Alaska Native,209,0.2,14,0.3,0.5,2020-06-16
Native Hawaiian and other Pacific Islander,767,0.7,23,0.5,0.3,2020-06-16
Other,13325,11.9,40,0.8,0.0,2020-06-16
Latino,64787,56.6,2057,40.5,38.9,2020-06-17
White,20087,17.6,1687,33.2,36.6,2020-06-17
Asian,8652,7.6,745,14.7,15.4,2020-06-17
Black,5202,4.5,484,9.5,6.0,2020-06-17
Multi-Race,819,0.7,35,0.7,2.2,2020-06-17
American Indian or Alaska Native,216,0.2,15,0.3,0.5,2020-06-17
Native Hawaiian and other Pacific Islander,772,0.7,21,0.4,0.3,2020-06-17
Other,13841,12.1,39,0.8,0.0,2020-06-17
Latino,66261,56.7,2085,40.4,38.9,2020-06-18
White,20475,17.5,1712,33.1,36.6,2020-06-18
Asian,8749,7.5,758,14.7,15.4,2020-06-18
Black,5296,4.5,491,9.5,6.0,2020-06-18
Multi-Race,837,0.7,36,0.7,2.2,2020-06-18
American Indian or Alaska Native,218,0.2,15,0.3,0.5,2020-06-18
Native Hawaiian and other Pacific Islander,778,0.7,22,0.4,0.3,2020-06-18
Other,14270,12.2,47,0.9,0.0,2020-06-18
Latino,67818,56.8,2115,40.4,38.9,2020-06-19
White,20780,17.4,1739,33.2,36.6,2020-06-19
Asian,8819,7.4,765,14.6,15.4,2020-06-19
Black,5384,4.5,495,9.5,6.0,2020-06-19
Multi-Race,865,0.7,36,0.7,2.2,2020-06-19
American Indian or Alaska Native,224,0.2,15,0.3,0.5,2020-06-19
Native Hawaiian and other Pacific Islander,785,0.7,22,0.4,0.3,2020-06-19
Other,14722,12.3,45,0.9,0.0,2020-06-19
Latino,69392,56.8,2170,40.6,38.9,2020-06-20
White,21177,17.3,1779,33.3,36.6,2020-06-20
Asian,8941,7.3,774,14.5,15.4,2020-06-20
Black,5485,4.5,501,9.4,6.0,2020-06-20
Multi-Race,886,0.7,37,0.7,2.2,2020-06-20
American Indian or Alaska Native,227,0.2,15,0.3,0.5,2020-06-20
Native Hawaiian and other Pacific Islander,796,0.7,22,0.4,0.3,2020-06-20
Other,15321,12.5,47,0.9,0.0,2020-06-20
Latino,70439,56.6,2182,40.7,38.9,2020-06-21
White,21547,17.3,1784,33.3,36.6,2020-06-21
Asian,9010,7.2,774,14.4,15.4,2020-06-21
Black,5573,4.5,502,9.4,6.0,2020-06-21
Multi-Race,901,0.7,37,0.7,2.2,2020-06-21
American Indian or Alaska Native,229,0.2,16,0.3,0.5,2020-06-21
Native Hawaiian and other Pacific Islander,805,0.6,22,0.4,0.3,2020-06-21
Other,15988,12.8,47,0.9,0.0,2020-06-21
Latino,71350,56.2,2192,40.7,38.9,2020-06-22
White,21885,17.2,1787,33.2,36.6,2020-06-22
Asian,9100,7.2,778,14.4,15.4,2020-06-22
Black,5661,4.5,506,9.4,6.0,2020-06-22
Multi-Race,908,0.7,37,0.7,2.2,2020-06-22
American Indian or Alaska Native,234,0.2,16,0.3,0.5,2020-06-22
Native Hawaiian and other Pacific Islander,825,0.6,22,0.4,0.3,2020-06-22
Other,16987,13.4,47,0.9,0.0,2020-06-22
Latino,73357,56.0,2225,41.0,38.9,2020-06-23
White,22500,17.2,1783,32.8,36.6,2020-06-23
Asian,9259,7.1,785,14.5,15.4,2020-06-23
Black,5845,4.5,511,9.4,6.0,2020-06-23
Multi-Race,925,0.7,37,0.7,2.2,2020-06-23
American Indian or Alaska Native,244,0.2,18,0.3,0.5,2020-06-23
Native Hawaiian and other Pacific Islander,850,0.6,22,0.4,0.3,2020-06-23
Other,17930,13.7,50,0.9,0.0,2020-06-23
Latino,76036,56.6,2265,41.0,38.9,2020-06-24
White,22871,17.0,1807,32.7,36.6,2020-06-24
Asian,9422,7.0,805,14.6,15.4,2020-06-24
Black,5981,4.5,519,9.4,6.0,2020-06-24
Multi-Race,935,0.7,38,0.7,2.2,2020-06-24
American Indian or Alaska Native,248,0.2,18,0.3,0.5,2020-06-24
Native Hawaiian and other Pacific Islander,871,0.6,24,0.4,0.3,2020-06-24
Other,18038,13.4,51,0.9,0.0,2020-06-24
Latino,77926,56.7,2309,41.1,38.9,2020-06-25
White,23339,17.0,1844,32.8,36.6,2020-06-25
Asian,9512,6.9,813,14.5,15.4,2020-06-25
Black,6094,4.4,527,9.4,6.0,2020-06-25
Multi-Race,952,0.7,37,0.7,2.2,2020-06-25
American Indian or Alaska Native,253,0.2,17,0.3,0.5,2020-06-25
Native Hawaiian and other Pacific Islander,881,0.6,24,0.4,0.3,2020-06-25
Other,18362,13.4,52,0.9,0.0,2020-06-25
Latino,79934,56.8,2336,41.0,38.9,2020-06-26
White,23899,17.0,1864,32.8,36.6,2020-06-26
Asian,9647,6.9,823,14.5,15.4,2020-06-26
Black,6215,4.4,534,9.4,6.0,2020-06-26
Multi-Race,989,0.7,37,0.7,2.2,2020-06-26
American Indian or Alaska Native,260,0.2,18,0.3,0.5,2020-06-26
Native Hawaiian and other Pacific Islander,893,0.6,22,0.4,0.3,2020-06-26
Other,18864,13.4,57,1.0,0.0,2020-06-26
Latino,80875,56.6,2348,41.1,38.9,2020-06-27
White,24242,17.0,1868,32.7,36.6,2020-06-27
Asian,9724,6.8,831,14.5,15.4,2020-06-27
Black,6309,4.4,533,9.3,6.0,2020-06-27
Multi-Race,1019,0.7,34,0.6,2.2,2020-06-27
American Indian or Alaska Native,266,0.2,18,0.3,0.5,2020-06-27
Native Hawaiian and other Pacific Islander,900,0.6,22,0.4,0.3,2020-06-27
Other,19484,13.6,57,1.0,0.0,2020-06-27
Latino,82378,56.3,2380,41.4,38.9,2020-06-28
White,24775,16.9,1857,32.3,36.6,2020-06-28
Asian,9880,6.7,843,14.7,15.4,2020-06-28
Black,6445,4.4,544,9.5,6.0,2020-06-28
Multi-Race,1034,0.7,27,0.5,2.2,2020-06-28
American Indian or Alaska Native,278,0.2,22,0.4,0.5,2020-06-28
Native Hawaiian and other Pacific Islander,913,0.6,21,0.4,0.3,2020-06-28
Other,20690,14.1,57,1.0,0.0,2020-06-28
Latino,83658,55.7,2415,41.6,38.9,2020-06-29
White,25250,16.8,1871,32.2,36.6,2020-06-29
Asian,9976,6.6,848,14.6,15.4,2020-06-29
Black,6557,4.4,551,9.5,6.0,2020-06-29
Multi-Race,1045,0.7,27,0.5,2.2,2020-06-29
American Indian or Alaska Native,288,0.2,22,0.4,0.5,2020-06-29
Native Hawaiian and other Pacific Islander,924,0.6,23,0.4,0.3,2020-06-29
Other,22518,15.0,54,0.9,0.0,2020-06-29
Latino,86009,55.5,2456,41.6,38.9,2020-06-30
White,26127,16.9,1902,32.2,36.6,2020-06-30
Asian,10208,6.6,855,14.5,15.4,2020-06-30
Black,6774,4.4,556,9.4,6.0,2020-06-30
Multi-Race,1069,0.7,27,0.5,2.2,2020-06-30
American Indian or Alaska Native,298,0.2,22,0.4,0.5,2020-06-30
Native Hawaiian and other Pacific Islander,952,0.6,23,0.4,0.3,2020-06-30
Other,23472,15.2,64,1.1,0.0,2020-06-30
Latino,88642,55.6,2500,41.8,38.9,2020-07-01
White,26891,16.9,1923,32.1,36.6,2020-07-01
Asian,10421,6.5,859,14.4,15.4,2020-07-01
Black,6953,4.4,561,9.4,6.0,2020-07-01
Multi-Race,1112,0.7,28,0.5,2.2,2020-07-01
American Indian or Alaska Native,310,0.2,22,0.4,0.5,2020-07-01
Native Hawaiian and other Pacific Islander,975,0.6,23,0.4,0.3,2020-07-01
Other,23996,15.1,67,1.1,0.0,2020-07-01
Latino,91317,55.7,2546,41.8,38.9,2020-07-02
White,27871,17.0,1957,32.1,36.6,2020-07-02
Asian,10641,6.5,875,14.3,15.4,2020-07-02
Black,7144,4.4,570,9.3,6.0,2020-07-02
Multi-Race,1162,0.7,34,0.6,2.2,2020-07-02
American Indian or Alaska Native,323,0.2,23,0.4,0.5,2020-07-02
Native Hawaiian and other Pacific Islander,992,0.6,25,0.4,0.3,2020-07-02
Other,24585,15.0,68,1.1,0.0,2020-07-02
Latino,93556,55.6,2575,41.9,38.9,2020-07-03
White,28799,17.1,1970,32.1,36.6,2020-07-03
Asian,10826,6.4,879,14.3,15.4,2020-07-03
Black,7310,4.3,572,9.3,6.0,2020-07-03
Multi-Race,1187,0.7,34,0.6,2.2,2020-07-03
American Indian or Alaska Native,337,0.2,23,0.4,0.5,2020-07-03
Native Hawaiian and other Pacific Islander,1011,0.6,25,0.4,0.3,2020-07-03
Other,25244,15.0,68,1.1,0.0,2020-07-03
Latino,95380,55.5,2588,42.0,38.9,2020-07-04
White,29598,17.2,1971,32.0,36.6,2020-07-04
Asian,11013,6.4,880,14.3,15.4,2020-07-04
Black,7432,4.3,572,9.3,6.0,2020-07-04
Multi-Race,1223,0.7,34,0.6,2.2,2020-07-04
American Indian or Alaska Native,343,0.2,23,0.4,0.5,2020-07-04
Native Hawaiian and other Pacific Islander,1029,0.6,25,0.4,0.3,2020-07-04
Other,25774,15.0,70,1.1,0.0,2020-07-04
Latino,97599,55.1,2625,42.2,38.9,2020-07-05
White,30519,17.2,1992,32.0,36.6,2020-07-05
Asian,11219,6.3,883,14.2,15.4,2020-07-05
Black,7693,4.3,575,9.2,6.0,2020-07-05
Multi-Race,1252,0.7,34,0.5,2.2,2020-07-05
American Indian or Alaska Native,349,0.2,23,0.4,0.5,2020-07-05
Native Hawaiian and other Pacific Islander,1063,0.6,25,0.4,0.3,2020-07-05
Other,27318,15.4,70,1.1,0.0,2020-07-05
Latino,98954,54.9,2660,42.3,38.9,2020-07-06
White,31221,17.3,2006,31.9,36.6,2020-07-06
Asian,11355,6.3,886,14.1,15.4,2020-07-06
Black,7869,4.4,577,9.2,6.0,2020-07-06
Multi-Race,1276,0.7,34,0.5,2.2,2020-07-06
American Indian or Alaska Native,359,0.2,23,0.4,0.5,2020-07-06
Native Hawaiian and other Pacific Islander,1086,0.6,25,0.4,0.3,2020-07-06
Other,28058,15.6,71,1.1,0.0,2020-07-06
Latino,101464,54.6,2715,42.6,38.9,2020-07-07
White,32447,17.5,2026,31.8,36.6,2020-07-07
Asian,11635,6.3,892,14.0,15.4,2020-07-07
Black,8125,4.4,582,9.1,6.0,2020-07-07
Multi-Race,1332,0.7,33,0.5,2.2,2020-07-07
American Indian or Alaska Native,381,0.2,23,0.4,0.5,2020-07-07
Native Hawaiian and other Pacific Islander,1123,0.6,28,0.4,0.3,2020-07-07
Other,29384,15.8,76,1.2,0.0,2020-07-07
Latino,104040,54.7,2808,43.1,38.9,2020-07-08
White,33275,17.5,2055,31.5,36.6,2020-07-08
Asian,11815,6.2,903,13.8,15.4,2020-07-08
Black,8336,4.4,593,9.1,6.0,2020-07-08
Multi-Race,1382,0.7,34,0.5,2.2,2020-07-08
American Indian or Alaska Native,393,0.2,23,0.4,0.5,2020-07-08
Native Hawaiian and other Pacific Islander,1144,0.6,29,0.4,0.3,2020-07-08
Other,29919,15.7,75,1.2,0.0,2020-07-08
Latino,106923,54.7,2884,43.3,38.9,2020-07-09
White,34343,17.6,2089,31.4,36.6,2020-07-09
Asian,12032,6.2,912,13.7,15.4,2020-07-09
Black,8560,4.4,601,9.0,6.0,2020-07-09
Multi-Race,1429,0.7,36,0.5,2.2,2020-07-09
American Indian or Alaska Native,405,0.2,24,0.4,0.5,2020-07-09
Native Hawaiian and other Pacific Islander,1187,0.6,30,0.5,0.3,2020-07-09
Other,30648,15.7,82,1.2,0.0,2020-07-09
Latino,109834,54.8,2941,43.6,38.9,2020-07-10
White,35378,17.6,2103,31.2,36.6,2020-07-10
Asian,12234,6.1,922,13.7,15.4,2020-07-10
Black,8777,4.4,608,9.0,6.0,2020-07-10
Multi-Race,1479,0.7,38,0.6,2.2,2020-07-10
American Indian or Alaska Native,422,0.2,24,0.4,0.5,2020-07-10
Native Hawaiian and other Pacific Islander,1211,0.6,33,0.5,0.3,2020-07-10
Other,31186,15.6,81,1.2,0.0,2020-07-10
Latino,112854,54.8,3020,43.8,38.9,2020-07-11
White,36481,17.7,2140,31.1,36.6,2020-07-11
Asian,12473,6.1,933,13.5,15.4,2020-07-11
Black,9021,4.4,613,8.9,6.0,2020-07-11
Multi-Race,1531,0.7,40,0.6,2.2,2020-07-11
American Indian or Alaska Native,446,0.2,25,0.4,0.5,2020-07-11
Native Hawaiian and other Pacific Islander,1243,0.6,33,0.5,0.3,2020-07-11
Other,32060,15.6,84,1.2,0.0,2020-07-11
Latino,115828,54.8,3029,43.8,38.9,2020-07-12
White,37400,17.7,2147,31.1,36.6,2020-07-12
Asian,12648,6.0,934,13.5,15.4,2020-07-12
Black,9196,4.3,615,8.9,6.0,2020-07-12
Multi-Race,1563,0.7,40,0.6,2.2,2020-07-12
American Indian or Alaska Native,458,0.2,25,0.4,0.5,2020-07-12
Native Hawaiian and other Pacific Islander,1282,0.6,34,0.5,0.3,2020-07-12
Other,33170,15.7,84,1.2,0.0,2020-07-12
Latino,118368,54.7,3037,43.9,38.9,2020-07-13
White,38167,17.6,2150,31.1,36.6,2020-07-13
Asian,12866,5.9,936,13.5,15.4,2020-07-13
Black,9389,4.3,616,8.9,6.0,2020-07-13
Multi-Race,1587,0.7,40,0.6,2.2,2020-07-13
American Indian or Alaska Native,460,0.2,25,0.4,0.5,2020-07-13
Native Hawaiian and other Pacific Islander,1306,0.6,34,0.5,0.3,2020-07-13
Other,34230,15.8,86,1.2,0.0,2020-07-13
Latino,122179,54.6,3091,43.9,38.9,2020-07-14
White,39528,17.7,2190,31.1,36.6,2020-07-14
Asian,13167,5.9,949,13.5,15.4,2020-07-14
Black,9697,4.3,621,8.8,6.0,2020-07-14
Multi-Race,1621,0.7,41,0.6,2.2,2020-07-14
American Indian or Alaska Native,482,0.2,25,0.4,0.5,2020-07-14
Native Hawaiian and other Pacific Islander,1348,0.6,34,0.5,0.3,2020-07-14
Other,35554,15.9,87,1.2,0.0,2020-07-14
Latino,125858,54.8,3141,44.0,38.9,2020-07-15
White,40603,17.7,2217,31.1,36.6,2020-07-15
Asian,13417,5.8,962,13.5,15.4,2020-07-15
Black,9963,4.3,628,8.8,6.0,2020-07-15
Multi-Race,1679,0.7,41,0.6,2.2,2020-07-15
American Indian or Alaska Native,498,0.2,25,0.4,0.5,2020-07-15
Native Hawaiian and other Pacific Islander,1389,0.6,35,0.5,0.3,2020-07-15
Other,36108,15.7,91,1.3,0.0,2020-07-15
Latino,129827,55.1,3204,44.2,38.9,2020-07-16
White,41589,17.7,2235,30.9,36.6,2020-07-16
Asian,13651,5.8,975,13.5,15.4,2020-07-16
Black,10199,4.3,635,8.8,6.0,2020-07-16
Multi-Race,1735,0.7,42,0.6,2.2,2020-07-16
American Indian or Alaska Native,516,0.2,25,0.3,0.5,2020-07-16
Native Hawaiian and other Pacific Islander,1420,0.6,37,0.5,0.3,2020-07-16
Other,36602,15.5,90,1.2,0.0,2020-07-16
Latino,133843,55.4,3283,44.5,38.9,2020-07-17
White,42533,17.6,2269,30.8,36.6,2020-07-17
Asian,13898,5.8,987,13.4,15.4,2020-07-17
Black,10432,4.3,641,8.7,6.0,2020-07-17
Multi-Race,1790,0.7,41,0.6,2.2,2020-07-17
American Indian or Alaska Native,532,0.2,25,0.3,0.5,2020-07-17
Native Hawaiian and other Pacific Islander,1453,0.6,39,0.5,0.3,2020-07-17
Other,36909,15.3,91,1.2,0.0,2020-07-17
Latino,137657,55.6,3359,44.8,38.9,2020-07-18
White,43542,17.6,2298,30.6,36.6,2020-07-18
Asian,14187,5.7,993,13.2,15.4,2020-07-18
Black,10678,4.3,654,8.7,6.0,2020-07-18
Multi-Race,1842,0.7,41,0.5,2.2,2020-07-18
American Indian or Alaska Native,550,0.2,25,0.3,0.5,2020-07-18
Native Hawaiian and other Pacific Islander,1496,0.6,40,0.5,0.3,2020-07-18
Other,37417,15.1,91,1.2,0.0,2020-07-18
Latino,140066,55.7,3373,44.8,38.9,2020-07-19
White,44276,17.6,2308,30.7,36.6,2020-07-19
Asian,14368,5.7,997,13.2,15.4,2020-07-19
Black,10866,4.3,654,8.7,6.0,2020-07-19
Multi-Race,1887,0.7,41,0.5,2.2,2020-07-19
American Indian or Alaska Native,566,0.2,25,0.3,0.5,2020-07-19
Native Hawaiian and other Pacific Islander,1512,0.6,41,0.5,0.3,2020-07-19
Other,38119,15.1,91,1.2,0.0,2020-07-19
Latino,143273,55.6,3386,44.8,38.9,2020-07-20
White,45199,17.5,2318,30.7,36.6,2020-07-20
Asian,14606,5.7,998,13.2,15.4,2020-07-20
Black,11069,4.3,654,8.7,6.0,2020-07-20
Multi-Race,1916,0.7,41,0.5,2.2,2020-07-20
American Indian or Alaska Native,576,0.2,25,0.3,0.5,2020-07-20
Native Hawaiian and other Pacific Islander,1542,0.6,41,0.5,0.3,2020-07-20
Other,39369,15.3,92,1.2,0.0,2020-07-20
Latino,146903,55.6,3455,45.0,38.9,2020-07-21
White,46562,17.6,2347,30.6,36.6,2020-07-21
Asian,14920,5.6,1008,13.1,15.4,2020-07-21
Black,11396,4.3,660,8.6,6.0,2020-07-21
Multi-Race,1967,0.7,41,0.5,2.2,2020-07-21
American Indian or Alaska Native,587,0.2,27,0.4,0.5,2020-07-21
Native Hawaiian and other Pacific Islander,1590,0.6,41,0.5,0.3,2020-07-21
Other,40455,15.3,93,1.2,0.0,2020-07-21
Latino,150960,55.6,3532,45.2,38.9,2020-07-22
White,47871,17.6,2384,30.5,36.6,2020-07-22
Asian,15253,5.6,1021,13.1,15.4,2020-07-22
Black,11717,4.3,672,8.6,6.0,2020-07-22
Multi-Race,2014,0.7,42,0.5,2.2,2020-07-22
American Indian or Alaska Native,616,0.2,28,0.4,0.5,2020-07-22
Native Hawaiian and other Pacific Islander,1632,0.6,40,0.5,0.3,2020-07-22
Other,41644,15.3,97,1.2,0.0,2020-07-22
Latino,154440,55.6,3605,45.3,38.9,2020-07-23
White,48849,17.6,2418,30.4,36.6,2020-07-23
Asian,15529,5.6,1031,13.0,15.4,2020-07-23
Black,11969,4.3,681,8.6,6.0,2020-07-23
Multi-Race,2062,0.7,42,0.5,2.2,2020-07-23
American Indian or Alaska Native,630,0.2,29,0.4,0.5,2020-07-23
Native Hawaiian and other Pacific Islander,1673,0.6,40,0.5,0.3,2020-07-23
Other,42374,15.3,105,1.3,0.0,2020-07-23
Latino,158493,55.7,3676,45.5,38.9,2020-07-24
White,50103,17.6,2450,30.3,36.6,2020-07-24
Asian,15810,5.6,1043,12.9,15.4,2020-07-24
Black,12281,4.3,691,8.6,6.0,2020-07-24
Multi-Race,2131,0.7,39,0.5,2.2,2020-07-24
Latino,205622,58.5,4512,46.8,38.9,2020-08-06
White,60095,17.1,2868,29.8,36.6,2020-08-06
Asian,19017,5.4,1183,12.3,15.4,2020-08-06
Black,14984,4.3,811,8.4,6.0,2020-08-06
Multi-Race,2914,0.8,54,0.6,2.2,2020-08-06
American Indian or Alaska Native,822,0.2,38,0.4,0.5,2020-08-06
Native Hawaiian and other Pacific Islander,2034,0.6,48,0.5,0.3,2020-08-06
Other,46295,13.2,125,1.3,0.0,2020-08-06
American Indian or Alaska Native,645,0.2,29,0.4,0.5,2020-07-24
Native Hawaiian and other Pacific Islander,1710,0.6,45,0.6,0.3,2020-07-24
Other,43217,15.2,108,1.3,0.0,2020-07-24
Latino,162991,56.1,3740,45.6,38.9,2020-07-25
White,50967,17.5,2474,30.2,36.6,2020-07-25
Asian,16090,5.5,1056,12.9,15.4,2020-07-25
Black,12503,4.3,697,8.5,6.0,2020-07-25
Multi-Race,2195,0.8,42,0.5,2.2,2020-07-25
American Indian or Alaska Native,662,0.2,31,0.4,0.5,2020-07-25
Native Hawaiian and other Pacific Islander,1738,0.6,45,0.5,0.3,2020-07-25
Other,43453,15.0,112,1.4,0.0,2020-07-25
Latino,165201,56.0,3763,45.7,38.9,2020-07-26
White,51728,17.5,2484,30.2,36.6,2020-07-26
Asian,16289,5.5,1058,12.8,15.4,2020-07-26
Black,12741,4.3,701,8.5,6.0,2020-07-26
Multi-Race,2241,0.8,43,0.5,2.2,2020-07-26
American Indian or Alaska Native,678,0.2,32,0.4,0.5,2020-07-26
Native Hawaiian and other Pacific Islander,1757,0.6,45,0.5,0.3,2020-07-26
Other,44468,15.1,112,1.4,0.0,2020-07-26
Latino,167650,56.1,3770,45.6,38.9,2020-07-27
White,52331,17.5,2495,30.2,36.6,2020-07-27
Asian,16449,5.5,1062,12.9,15.4,2020-07-27
Black,12866,4.3,701,8.5,6.0,2020-07-27
Multi-Race,2259,0.8,43,0.5,2.2,2020-07-27
American Indian or Alaska Native,693,0.2,33,0.4,0.5,2020-07-27
Native Hawaiian and other Pacific Islander,1774,0.6,45,0.5,0.3,2020-07-27
Other,44931,15.0,112,1.4,0.0,2020-07-27
Latino,170398,56.1,3846,45.9,38.9,2020-07-28
White,53194,17.5,2516,30.0,36.6,2020-07-28
Asian,16699,5.5,1073,12.8,15.4,2020-07-28
Black,13099,4.3,710,8.5,6.0,2020-07-28
Multi-Race,2305,0.8,46,0.5,2.2,2020-07-28
American Indian or Alaska Native,713,0.2,32,0.4,0.5,2020-07-28
Native Hawaiian and other Pacific Islander,1806,0.6,47,0.6,0.3,2020-07-28
Other,45580,15.0,109,1.3,0.0,2020-07-28
Latino,176527,56.6,3963,46.1,38.9,2020-07-29
White,54219,17.4,2583,30.0,36.6,2020-07-29
Asian,17049,5.5,1091,12.7,15.4,2020-07-29
Black,13382,4.3,722,8.4,6.0,2020-07-29
Multi-Race,2399,0.8,46,0.5,2.2,2020-07-29
American Indian or Alaska Native,731,0.2,32,0.4,0.5,2020-07-29
Native Hawaiian and other Pacific Islander,1844,0.6,47,0.5,0.3,2020-07-29
Other,45709,14.7,115,1.3,0.0,2020-07-29
Latino,181443,57.0,4043,46.1,38.9,2020-07-30
White,55238,17.4,2633,30.0,36.6,2020-07-30
Asian,17323,5.4,1109,12.7,15.4,2020-07-30
Black,13622,4.3,734,8.4,6.0,2020-07-30
Multi-Race,2544,0.8,49,0.6,2.2,2020-07-30
American Indian or Alaska Native,747,0.2,33,0.4,0.5,2020-07-30
Native Hawaiian and other Pacific Islander,1877,0.6,47,0.5,0.3,2020-07-30
Other,45547,14.3,118,1.3,0.0,2020-07-30
Latino,185186,57.4,4115,46.2,38.9,2020-07-31
White,55755,17.3,2667,30.0,36.6,2020-07-31
Asian,17534,5.4,1124,12.6,15.4,2020-07-31
Black,13795,4.3,745,8.4,6.0,2020-07-31
Multi-Race,2563,0.8,50,0.6,2.2,2020-07-31
American Indian or Alaska Native,754,0.2,33,0.4,0.5,2020-07-31
Native Hawaiian and other Pacific Islander,1895,0.6,48,0.5,0.3,2020-07-31
Other,45265,14.0,121,1.4,0.0,2020-07-31
Latino,189415,57.7,4189,46.3,38.9,2020-08-01
White,56636,17.2,2713,30.0,36.6,2020-08-01
Asian,17776,5.4,1132,12.5,15.4,2020-08-01
Black,14024,4.3,756,8.4,6.0,2020-08-01
Multi-Race,2640,0.8,50,0.6,2.2,2020-08-01
American Indian or Alaska Native,767,0.2,33,0.4,0.5,2020-08-01
Native Hawaiian and other Pacific Islander,1927,0.6,48,0.5,0.3,2020-08-01
Other,45266,13.8,126,1.4,0.0,2020-08-01
Latino,191958,57.8,4218,46.3,38.9,2020-08-02
White,57183,17.2,2735,30.0,36.6,2020-08-02
Asian,17959,5.4,1138,12.5,15.4,2020-08-02
Black,14149,4.3,761,8.3,6.0,2020-08-02
Multi-Race,2678,0.8,49,0.5,2.2,2020-08-02
American Indian or Alaska Native,778,0.2,34,0.4,0.5,2020-08-02
Native Hawaiian and other Pacific Islander,1942,0.6,49,0.5,0.3,2020-08-02
Other,45387,13.7,130,1.4,0.0,2020-08-02
Latino,194440,58.0,4244,46.3,38.9,2020-08-03
White,57652,17.2,2754,30.1,36.6,2020-08-03
Asian,18092,5.4,1142,12.5,15.4,2020-08-03
Black,14265,4.3,764,8.3,6.0,2020-08-03
Multi-Race,2708,0.8,49,0.5,2.2,2020-08-03
American Indian or Alaska Native,786,0.2,35,0.4,0.5,2020-08-03
Native Hawaiian and other Pacific Islander,1962,0.6,50,0.5,0.3,2020-08-03
Other,45494,13.6,124,1.4,0.0,2020-08-03
Latino,198039,58.2,4362,46.6,38.9,2020-08-04
White,58376,17.2,2803,29.9,36.6,2020-08-04
Asian,18392,5.4,1156,12.3,15.4,2020-08-04
Black,14475,4.3,787,8.4,6.0,2020-08-04
Multi-Race,2755,0.8,50,0.5,2.2,2020-08-04
American Indian or Alaska Native,792,0.2,37,0.4,0.5,2020-08-04
Native Hawaiian and other Pacific Islander,1979,0.6,50,0.5,0.3,2020-08-04
Other,45492,13.4,122,1.3,0.0,2020-08-04
Latino,201559,58.4,4438,46.7,38.9,2020-08-05
White,59102,17.1,2836,29.8,36.6,2020-08-05
Asian,18678,5.4,1171,12.3,15.4,2020-08-05
Black,14691,4.3,797,8.4,6.0,2020-08-05
Multi-Race,2830,0.8,53,0.6,2.2,2020-08-05
American Indian or Alaska Native,801,0.2,38,0.4,0.5,2020-08-05
Native Hawaiian and other Pacific Islander,2000,0.6,50,0.5,0.3,2020-08-05
Other,45658,13.2,122,1.3,0.0,2020-08-05
Latino,209385,58.6,4583,46.8,38.9,2020-08-07
White,60981,17.1,2920,29.8,36.6,2020-08-07
Asian,19325,5.4,1199,12.2,15.4,2020-08-07
Black,15253,4.3,819,8.4,6.0,2020-08-07
Multi-Race,2979,0.8,55,0.6,2.2,2020-08-07
American Indian or Alaska Native,841,0.2,38,0.4,0.5,2020-08-07
Native Hawaiian and other Pacific Islander,2064,0.6,48,0.5,0.3,2020-08-07
Other,46748,13.1,129,1.3,0.0,2020-08-07
Latino,213410,58.7,4692,46.9,38.9,2020-08-08
White,61932,17.0,2988,29.9,36.6,2020-08-08
Asian,19659,5.4,1226,12.3,15.4,2020-08-08
Black,15502,4.3,830,8.3,6.0,2020-08-08
Multi-Race,3046,0.8,57,0.6,2.2,2020-08-08
American Indian or Alaska Native,842,0.2,39,0.4,0.5,2020-08-08
Native Hawaiian and other Pacific Islander,2097,0.6,48,0.5,0.3,2020-08-08
Other,47023,12.9,124,1.2,0.0,2020-08-08
Latino,216008,58.8,4735,47.0,38.9,2020-08-09
White,62441,17.0,3011,29.9,36.6,2020-08-09
Asian,19819,5.4,1231,12.2,15.4,2020-08-09
Black,15622,4.3,835,8.3,6.0,2020-08-09
Multi-Race,3087,0.8,57,0.6,2.2,2020-08-09
American Indian or Alaska Native,854,0.2,39,0.4,0.5,2020-08-09
Native Hawaiian and other Pacific Islander,2113,0.6,48,0.5,0.3,2020-08-09
Other,47170,12.8,124,1.2,0.0,2020-08-09
Latino,218706,58.8,4753,47.0,38.9,2020-08-10
White,63299,17.0,3021,29.9,36.6,2020-08-10
Asian,20010,5.4,1233,12.2,15.4,2020-08-10
Black,15831,4.3,837,8.3,6.0,2020-08-10
Multi-Race,3124,0.8,57,0.6,2.2,2020-08-10
American Indian or Alaska Native,869,0.2,39,0.4,0.5,2020-08-10
Native Hawaiian and other Pacific Islander,2151,0.6,48,0.5,0.3,2020-08-10
Other,48199,13.0,124,1.2,0.0,2020-08-10
Latino,222781,58.8,4845,47.0,38.9,2020-08-11
White,64551,17.0,3075,29.9,36.6,2020-08-11
Asian,20399,5.4,1252,12.2,15.4,2020-08-11
Black,16141,4.3,850,8.3,6.0,2020-08-11
Multi-Race,3198,0.8,60,0.6,2.2,2020-08-11
American Indian or Alaska Native,883,0.2,41,0.4,0.5,2020-08-11
Native Hawaiian and other Pacific Islander,2197,0.6,48,0.5,0.3,2020-08-11
Other,48781,12.9,130,1.3,0.0,2020-08-11
Latino,226715,58.9,4935,47.2,38.9,2020-08-12
White,65396,17.0,3118,29.8,36.6,2020-08-12
Asian,20696,5.4,1269,12.1,15.4,2020-08-12
Black,16390,4.3,857,8.2,6.0,2020-08-12
Multi-Race,3262,0.8,62,0.6,2.2,2020-08-12
American Indian or Alaska Native,913,0.2,41,0.4,0.5,2020-08-12
Native Hawaiian and other Pacific Islander,2232,0.6,52,0.5,0.3,2020-08-12
Other,49136,12.8,127,1.2,0.0,2020-08-12
Latino,230367,58.9,5024,47.3,38.9,2020-08-13
White,66470,17.0,3160,29.8,36.6,2020-08-13
Asian,21090,5.4,1282,12.1,15.4,2020-08-13
Black,16729,4.3,864,8.1,6.0,2020-08-13
Multi-Race,3317,0.8,61,0.6,2.2,2020-08-13
American Indian or Alaska Native,927,0.2,41,0.4,0.5,2020-08-13
Native Hawaiian and other Pacific Islander,2254,0.6,51,0.5,0.3,2020-08-13
Other,50279,12.8,130,1.2,0.0,2020-08-13
Latino,235700,58.9,5098,47.4,38.9,2020-08-14
White,68063,17.0,3204,29.8,36.6,2020-08-14
Asian,21537,5.4,1298,12.1,15.4,2020-08-14
Black,17130,4.3,872,8.1,6.0,2020-08-14
Multi-Race,3397,0.8,63,0.6,2.2,2020-08-14
American Indian or Alaska Native,960,0.2,40,0.4,0.5,2020-08-14
Native Hawaiian and other Pacific Islander,2302,0.6,55,0.5,0.3,2020-08-14
Other,51334,12.8,136,1.3,0.0,2020-08-14
Latino,238931,58.9,5148,47.4,38.9,2020-08-15
White,68815,17.0,3226,29.7,36.6,2020-08-15
Asian,21825,5.4,1305,12.0,15.4,2020-08-15
Black,17361,4.3,874,8.1,6.0,2020-08-15
Multi-Race,3471,0.9,66,0.6,2.2,2020-08-15
American Indian or Alaska Native,969,0.2,41,0.4,0.5,2020-08-15
Native Hawaiian and other Pacific Islander,2336,0.6,55,0.5,0.3,2020-08-15
Other,51760,12.8,139,1.3,0.0,2020-08-15
Latino,240925,59.0,5167,47.5,38.9,2020-08-16
White,69364,17.0,3229,29.7,36.6,2020-08-16
Asian,22008,5.4,1306,12.0,15.4,2020-08-16
Black,17496,4.3,875,8.0,6.0,2020-08-16
Multi-Race,3501,0.9,67,0.6,2.2,2020-08-16
American Indian or Alaska Native,978,0.2,41,0.4,0.5,2020-08-16
Native Hawaiian and other Pacific Islander,2348,0.6,55,0.5,0.3,2020-08-16
Other,52053,12.7,138,1.3,0.0,2020-08-16
Latino,242587,59.0,5186,47.5,38.9,2020-08-17
White,69806,17.0,3238,29.7,36.6,2020-08-17
Asian,22147,5.4,1311,12.0,15.4,2020-08-17
Black,17615,4.3,876,8.0,6.0,2020-08-17
Multi-Race,3533,0.9,67,0.6,2.2,2020-08-17
American Indian or Alaska Native,987,0.2,41,0.4,0.5,2020-08-17
Native Hawaiian and other Pacific Islander,2365,0.6,53,0.5,0.3,2020-08-17
Other,52325,12.7,138,1.3,0.0,2020-08-17
Latino,245505,59.0,5305,47.6,38.9,2020-08-18
White,70517,17.0,3316,29.7,36.6,2020-08-18
Asian,22447,5.4,1335,12.0,15.4,2020-08-18
Black,17812,4.3,892,8.0,6.0,2020-08-18
Multi-Race,3592,0.9,69,0.6,2.2,2020-08-18
American Indian or Alaska Native,1003,0.2,40,0.4,0.5,2020-08-18
Native Hawaiian and other Pacific Islander,2398,0.6,53,0.5,0.3,2020-08-18
Other,52602,12.6,137,1.2,0.0,2020-08-18
Latino,249313,59.2,5386,47.7,38.9,2020-08-19
White,71233,16.9,3356,29.7,36.6,2020-08-19
Asian,22737,5.4,1347,11.9,15.4,2020-08-19
Black,18043,4.3,905,8.0,6.0,2020-08-19
Multi-Race,3658,0.9,68,0.6,2.2,2020-08-19
American Indian or Alaska Native,1014,0.2,40,0.4,0.5,2020-08-19
Native Hawaiian and other Pacific Islander,2426,0.6,54,0.5,0.3,2020-08-19
Other,52719,12.5,142,1.3,0.0,2020-08-19
Latino,253097,59.4,5469,47.9,38.9,2020-08-20
White,71980,16.9,3379,29.6,36.6,2020-08-20
Asian,23023,5.4,1360,11.9,15.4,2020-08-20
Black,18254,4.3,912,8.0,6.0,2020-08-20
Multi-Race,3730,0.9,72,0.6,2.2,2020-08-20
American Indian or Alaska Native,1023,0.2,40,0.4,0.5,2020-08-20
Native Hawaiian and other Pacific Islander,2445,0.6,52,0.5,0.3,2020-08-20
Other,52805,12.4,133,1.2,0.0,2020-08-20
Latino,256677,59.5,5551,48.0,38.9,2020-08-21
White,72737,16.9,3413,29.5,36.6,2020-08-21
Asian,23299,5.4,1379,11.9,15.4,2020-08-21
Black,18440,4.3,924,8.0,6.0,2020-08-21
Multi-Race,3790,0.9,72,0.6,2.2,2020-08-21
American Indian or Alaska Native,1032,0.2,39,0.3,0.5,2020-08-21
Native Hawaiian and other Pacific Islander,2468,0.6,53,0.5,0.3,2020-08-21
Other,53011,12.3,134,1.2,0.0,2020-08-21
Latino,260163,59.6,5653,48.1,38.9,2020-08-22
White,73561,16.8,3466,29.5,36.6,2020-08-22
Asian,23584,5.4,1394,11.9,15.4,2020-08-22
Black,18651,4.3,935,8.0,6.0,2020-08-22
Multi-Race,3843,0.9,74,0.6,2.2,2020-08-22
American Indian or Alaska Native,1041,0.2,37,0.3,0.5,2020-08-22
Native Hawaiian and other Pacific Islander,2498,0.6,53,0.5,0.3,2020-08-22
Other,53280,12.2,139,1.2,0.0,2020-08-22
Latino,262106,59.5,5666,48.1,38.9,2020-08-23
White,74224,16.9,3470,29.5,36.6,2020-08-23
Asian,23811,5.4,1399,11.9,15.4,2020-08-23
Black,18817,4.3,935,7.9,6.0,2020-08-23
Multi-Race,3875,0.9,75,0.6,2.2,2020-08-23
American Indian or Alaska Native,1051,0.2,37,0.3,0.5,2020-08-23
Native Hawaiian and other Pacific Islander,2510,0.6,54,0.5,0.3,2020-08-23
Other,53800,12.2,135,1.1,0.0,2020-08-23
Latino,263688,59.5,5686,48.1,38.9,2020-08-24
White,74797,16.9,3492,29.6,36.6,2020-08-24
Asian,23977,5.4,1402,11.9,15.4,2020-08-24
Black,18956,4.3,935,7.9,6.0,2020-08-24
Multi-Race,3902,0.9,75,0.6,2.2,2020-08-24
American Indian or Alaska Native,1061,0.2,37,0.3,0.5,2020-08-24
Native Hawaiian and other Pacific Islander,2522,0.6,54,0.5,0.3,2020-08-24
Other,54385,12.3,134,1.1,0.0,2020-08-24
Latino,266430,59.5,5786,48.2,38.9,2020-08-25
White,75578,16.9,3549,29.6,36.6,2020-08-25
Asian,24252,5.4,1421,11.8,15.4,2020-08-25
Black,19168,4.3,945,7.9,6.0,2020-08-25
Multi-Race,3949,0.9,76,0.6,2.2,2020-08-25
American Indian or Alaska Native,1075,0.2,38,0.3,0.5,2020-08-25
Native Hawaiian and other Pacific Islander,2548,0.6,54,0.4,0.3,2020-08-25
Other,54653,12.2,134,1.1,0.0,2020-08-25
Latino,269683,59.7,5866,48.3,38.9,2020-08-26
White,76255,16.9,3591,29.6,36.6,2020-08-26
Asian,24476,5.4,1440,11.9,15.4,2020-08-26
Black,19321,4.3,951,7.8,6.0,2020-08-26
Multi-Race,4026,0.9,74,0.6,2.2,2020-08-26
American Indian or Alaska Native,1110,0.2,38,0.3,0.5,2020-08-26
Native Hawaiian and other Pacific Islander,2569,0.6,52,0.4,0.3,2020-08-26
Other,54502,12.1,132,1.1,0.0,2020-08-26
Latino,273132,59.8,5957,48.4,38.9,2020-08-27
White,76976,16.9,3621,29.4,36.6,2020-08-27
Asian,24747,5.4,1462,11.9,15.4,2020-08-27
Black,19495,4.3,956,7.8,6.0,2020-08-27
Multi-Race,4101,0.9,76,0.6,2.2,2020-08-27
American Indian or Alaska Native,1131,0.2,38,0.3,0.5,2020-08-27
Native Hawaiian and other Pacific Islander,2581,0.6,52,0.4,0.3,2020-08-27
Other,54488,11.9,136,1.1,0.0,2020-08-27
Latino,276268,59.9,5999,48.4,38.9,2020-08-28
White,77747,16.9,3655,29.5,36.6,2020-08-28
Asian,24997,5.4,1471,11.9,15.4,2020-08-28
Black,19680,4.3,966,7.8,6.0,2020-08-28
Multi-Race,4171,0.9,76,0.6,2.2,2020-08-28
American Indian or Alaska Native,1147,0.2,38,0.3,0.5,2020-08-28
Native Hawaiian and other Pacific Islander,2602,0.6,52,0.4,0.3,2020-08-28
Other,54595,11.8,139,1.1,0.0,2020-08-28
Latino,279244,59.9,6076,48.4,38.9,2020-08-29
White,78587,16.9,3702,29.5,36.6,2020-08-29
Asian,25300,5.4,1486,11.8,15.4,2020-08-29
Black,19874,4.3,975,7.8,6.0,2020-08-29
Multi-Race,4243,0.9,77,0.6,2.2,2020-08-29
American Indian or Alaska Native,1156,0.2,40,0.3,0.5,2020-08-29
Native Hawaiian and other Pacific Islander,2624,0.6,53,0.4,0.3,2020-08-29
Other,54940,11.8,145,1.2,0.0,2020-08-29
Latino,281216,60.0,6083,48.4,38.9,2020-08-30
White,79056,16.9,3703,29.5,36.6,2020-08-30
Asian,25464,5.4,1485,11.8,15.4,2020-08-30
Black,19978,4.3,975,7.8,6.0,2020-08-30
Multi-Race,4315,0.9,77,0.6,2.2,2020-08-30
American Indian or Alaska Native,1158,0.2,40,0.3,0.5,2020-08-30
Native Hawaiian and other Pacific Islander,2630,0.6,55,0.4,0.3,2020-08-30
Other,55062,11.7,146,1.2,0.0,2020-08-30
Latino,282690,60.0,6110,48.4,38.9,2020-08-31
White,79526,16.9,3716,29.5,36.6,2020-08-31
Asian,25585,5.4,1488,11.8,15.4,2020-08-31
Black,20098,4.3,979,7.8,6.0,2020-08-31
Multi-Race,4340,0.9,77,0.6,2.2,2020-08-31
American Indian or Alaska Native,1162,0.2,41,0.3,0.5,2020-08-31
Native Hawaiian and other Pacific Islander,2643,0.6,55,0.4,0.3,2020-08-31
Other,55381,11.7,145,1.1,0.0,2020-08-31
Latino,284716,60.0,6206,48.5,38.9,2020-09-01
White,80166,16.9,3773,29.5,36.6,2020-09-01
Asian,25812,5.4,1504,11.8,15.4,2020-09-01
Black,20245,4.3,996,7.8,6.0,2020-09-01
Multi-Race,4377,0.9,77,0.6,2.2,2020-09-01
American Indian or Alaska Native,1174,0.2,41,0.3,0.5,2020-09-01
Native Hawaiian and other Pacific Islander,2664,0.6,56,0.4,0.3,2020-09-01
Other,55505,11.7,147,1.1,0.0,2020-09-01
Latino,288009,60.1,6280,48.5,38.9,2020-09-02
White,80882,16.9,3811,29.4,36.6,2020-09-02
Asian,26090,5.4,1528,11.8,15.4,2020-09-02
Black,20440,4.3,1007,7.8,6.0,2020-09-02
Multi-Race,4463,0.9,82,0.6,2.2,2020-09-02
American Indian or Alaska Native,1188,0.2,41,0.3,0.5,2020-09-02
Native Hawaiian and other Pacific Islander,2683,0.6,57,0.4,0.3,2020-09-02
Other,55371,11.6,151,1.2,0.0,2020-09-02
Latino,291111,60.2,6353,48.4,38.9,2020-09-03
White,81675,16.9,3862,29.4,36.6,2020-09-03
Asian,26369,5.5,1549,11.8,15.4,2020-09-03
Black,20631,4.3,1019,7.8,6.0,2020-09-03
Multi-Race,4559,0.9,84,0.6,2.2,2020-09-03
American Indian or Alaska Native,1201,0.2,41,0.3,0.5,2020-09-03
Native Hawaiian and other Pacific Islander,2719,0.6,57,0.4,0.3,2020-09-03
Other,55378,11.5,156,1.2,0.0,2020-09-03
Latino,294449,60.3,6430,48.4,38.9,2020-09-04
White,82440,16.9,3918,29.5,36.6,2020-09-04
Asian,26634,5.5,1560,11.7,15.4,2020-09-04
Black,20863,4.3,1028,7.7,6.0,2020-09-04
Multi-Race,4650,1.0,88,0.7,2.2,2020-09-04
American Indian or Alaska Native,1210,0.2,40,0.3,0.5,2020-09-04
Native Hawaiian and other Pacific Islander,2732,0.6,59,0.4,0.3,2020-09-04
Other,55306,11.3,156,1.2,0.0,2020-09-04
Latino,297838,60.4,6488,48.4,38.9,2020-09-05
White,83259,16.9,3954,29.5,36.6,2020-09-05
Asian,26887,5.5,1572,11.7,15.4,2020-09-05
Black,21102,4.3,1038,7.7,6.0,2020-09-05
Multi-Race,4732,1.0,87,0.6,2.2,2020-09-05
American Indian or Alaska Native,1230,0.2,39,0.3,0.5,2020-09-05
Native Hawaiian and other Pacific Islander,2748,0.6,59,0.4,0.3,2020-09-05
Other,55302,11.2,159,1.2,0.0,2020-09-05
Latino,299981,60.5,6501,48.5,38.9,2020-09-06
White,83745,16.9,3952,29.5,36.6,2020-09-06
Asian,27060,5.5,1575,11.7,15.4,2020-09-06
Black,21216,4.3,1035,7.7,6.0,2020-09-06
Multi-Race,4789,1.0,87,0.6,2.2,2020-09-06
American Indian or Alaska Native,1232,0.2,39,0.3,0.5,2020-09-06
Native Hawaiian and other Pacific Islander,2758,0.6,58,0.4,0.3,2020-09-06
Other,55265,11.1,162,1.2,0.0,2020-09-06
Latino,301026,60.5,6520,48.4,38.9,2020-09-07
White,84121,16.9,3971,29.5,36.6,2020-09-07
Asian,27177,5.5,1579,11.7,15.4,2020-09-07
Black,21305,4.3,1039,7.7,6.0,2020-09-07
Multi-Race,4811,1.0,89,0.7,2.2,2020-09-07
American Indian or Alaska Native,1235,0.2,39,0.3,0.5,2020-09-07
Native Hawaiian and other Pacific Islander,2766,0.6,59,0.4,0.3,2020-09-07
Other,55504,11.1,162,1.2,0.0,2020-09-07
Latino,303310,60.5,6583,48.5,38.9,2020-09-08
White,84646,16.9,4019,29.6,36.6,2020-09-08
Asian,27335,5.5,1587,11.7,15.4,2020-09-08
Black,21434,4.3,1049,7.7,6.0,2020-09-08
Multi-Race,4846,1.0,90,0.7,2.2,2020-09-08
American Indian or Alaska Native,1247,0.2,41,0.3,0.5,2020-09-08
Native Hawaiian and other Pacific Islander,2778,0.6,59,0.4,0.3,2020-09-08
Other,55456,11.1,154,1.1,0.0,2020-09-08
Latino,305364,60.6,6637,48.5,38.9,2020-09-09
White,85124,16.9,4045,29.5,36.6,2020-09-09
Asian,27534,5.5,1597,11.7,15.4,2020-09-09
Black,21575,4.3,1059,7.7,6.0,2020-09-09
Multi-Race,4883,1.0,94,0.7,2.2,2020-09-09
American Indian or Alaska Native,1252,0.2,41,0.3,0.5,2020-09-09
Native Hawaiian and other Pacific Islander,2796,0.6,59,0.4,0.3,2020-09-09
Other,55425,11.0,159,1.2,0.0,2020-09-09
Latino,308367,60.7,6686,48.4,38.9,2020-09-10
White,85834,16.9,4088,29.6,36.6,2020-09-10
Asian,27797,5.5,1606,11.6,15.4,2020-09-10
Black,21724,4.3,1068,7.7,6.0,2020-09-10
Multi-Race,4991,1.0,96,0.7,2.2,2020-09-10
American Indian or Alaska Native,1266,0.2,41,0.3,0.5,2020-09-10
Native Hawaiian and other Pacific Islander,2806,0.6,61,0.4,0.3,2020-09-10
Other,55289,10.9,160,1.2,0.0,2020-09-10
Latino,311044,60.7,6761,48.6,38.9,2020-09-11
White,86555,16.9,4136,29.7,36.6,2020-09-11
Asian,28117,5.5,1644,11.8,15.4,2020-09-11
Black,21889,4.3,1072,7.7,6.0,2020-09-11
Multi-Race,5071,1.0,97,0.7,2.2,2020-09-11
American Indian or Alaska Native,1280,0.2,41,0.3,0.5,2020-09-11
Native Hawaiian and other Pacific Islander,2818,0.6,56,0.4,0.3,2020-09-11
Other,55335,10.8,116,0.8,0.0,2020-09-11
Latino,313582,60.8,6824,48.6,38.9,2020-09-12
White,87284,16.9,4165,29.7,36.6,2020-09-12
Asian,28330,5.5,1654,11.8,15.4,2020-09-12
Black,22091,4.3,1092,7.8,6.0,2020-09-12
Multi-Race,5148,1.0,98,0.7,2.2,2020-09-12
American Indian or Alaska Native,1291,0.3,42,0.3,0.5,2020-09-12
Native Hawaiian and other Pacific Islander,2842,0.6,56,0.4,0.3,2020-09-12
Other,55387,10.7,110,0.8,0.0,2020-09-12
Latino,315026,60.8,6824,48.6,38.9,2020-09-13
White,87683,16.9,4164,29.7,36.6,2020-09-13
Asian,28499,5.5,1654,11.8,15.4,2020-09-13
Black,22166,4.3,1091,7.8,6.0,2020-09-13
Multi-Race,5212,1.0,98,0.7,2.2,2020-09-13
American Indian or Alaska Native,1297,0.3,42,0.3,0.5,2020-09-13
Native Hawaiian and other Pacific Islander,2855,0.6,57,0.4,0.3,2020-09-13
Other,55521,10.7,110,0.8,0.0,2020-09-13
Latino,315777,60.8,6850,48.6,38.9,2020-09-14
White,87952,16.9,4182,29.7,36.6,2020-09-14
Asian,28576,5.5,1656,11.8,15.4,2020-09-14
Black,22216,4.3,1090,7.7,6.0,2020-09-14
Multi-Race,5211,1.0,99,0.7,2.2,2020-09-14
American Indian or Alaska Native,1297,0.2,42,0.3,0.5,2020-09-14
Native Hawaiian and other Pacific Islander,2866,0.6,57,0.4,0.3,2020-09-14
Other,55690,10.7,110,0.8,0.0,2020-09-14
Latino,318025,60.8,6939,48.6,38.9,2020-09-15
White,88615,16.9,4243,29.7,36.6,2020-09-15
Asian,28773,5.5,1673,11.7,15.4,2020-09-15
Black,22345,4.3,1101,7.7,6.0,2020-09-15
Multi-Race,5273,1.0,98,0.7,2.2,2020-09-15
American Indian or Alaska Native,1315,0.3,42,0.3,0.5,2020-09-15
Native Hawaiian and other Pacific Islander,2874,0.5,58,0.4,0.3,2020-09-15
Other,55644,10.6,110,0.8,0.0,2020-09-15
Latino,320694,60.9,6967,48.5,38.9,2020-09-16
White,89200,16.9,4281,29.8,36.6,2020-09-16
Asian,28994,5.5,1683,11.7,15.4,2020-09-16
Black,22454,4.3,1113,7.8,6.0,2020-09-16
Multi-Race,5366,1.0,98,0.7,2.2,2020-09-16
American Indian or Alaska Native,1340,0.3,42,0.3,0.5,2020-09-16
Native Hawaiian and other Pacific Islander,2884,0.5,59,0.4,0.3,2020-09-16
Other,55465,10.5,112,0.8,0.0,2020-09-16
Latino,323301,61.0,7011,48.5,38.9,2020-09-17
White,89819,16.9,4316,29.8,36.6,2020-09-17
Asian,29228,5.5,1700,11.8,15.4,2020-09-17
Black,22592,4.3,1113,7.7,6.0,2020-09-17
Multi-Race,5434,1.0,98,0.7,2.2,2020-09-17
American Indian or Alaska Native,1358,0.3,45,0.3,0.5,2020-09-17
Native Hawaiian and other Pacific Islander,2897,0.5,61,0.4,0.3,2020-09-17
Other,55427,10.5,116,0.8,0.0,2020-09-17
Latino,325950,61.0,7087,48.6,38.9,2020-09-18
White,90580,17.0,4338,29.7,36.6,2020-09-18
Asian,29445,5.5,1712,11.7,15.4,2020-09-18
Black,22772,4.3,1122,7.7,6.0,2020-09-18
Multi-Race,5491,1.0,101,0.7,2.2,2020-09-18
American Indian or Alaska Native,1373,0.3,46,0.3,0.5,2020-09-18
Native Hawaiian and other Pacific Islander,2918,0.5,62,0.4,0.3,2020-09-18
Other,55502,10.4,115,0.8,0.0,2020-09-18
Latino,328275,61.1,7120,48.5,38.9,2020-09-19
White,91202,17.0,4369,29.8,36.6,2020-09-19
Asian,29647,5.5,1717,11.7,15.4,2020-09-19
Black,22921,4.3,1134,7.7,6.0,2020-09-19
Multi-Race,5547,1.0,103,0.7,2.2,2020-09-19
American Indian or Alaska Native,1378,0.3,45,0.3,0.5,2020-09-19
Native Hawaiian and other Pacific Islander,2938,0.5,65,0.4,0.3,2020-09-19
Other,55702,10.4,115,0.8,0.0,2020-09-19
Latino,329643,61.1,7125,48.5,38.9,2020-09-20
White,91656,17.0,4382,29.8,36.6,2020-09-20
Asian,29790,5.5,1720,11.7,15.4,2020-09-20
Black,23014,4.3,1138,7.7,6.0,2020-09-20
Multi-Race,5603,1.0,103,0.7,2.2,2020-09-20
American Indian or Alaska Native,1386,0.3,45,0.3,0.5,2020-09-20
Native Hawaiian and other Pacific Islander,2946,0.5,66,0.4,0.3,2020-09-20
Other,55897,10.4,116,0.8,0.0,2020-09-20
Latino,330429,61.0,7136,48.5,38.9,2020-09-21
White,92033,17.0,4393,29.8,36.6,2020-09-21
Asian,29861,5.5,1724,11.7,15.4,2020-09-21
Black,23073,4.3,1140,7.7,6.0,2020-09-21
Multi-Race,5613,1.0,103,0.7,2.2,2020-09-21
American Indian or Alaska Native,1395,0.3,45,0.3,0.5,2020-09-21
Native Hawaiian and other Pacific Islander,2958,0.5,66,0.4,0.3,2020-09-21
Other,56130,10.4,116,0.8,0.0,2020-09-21
Latino,332405,61.0,7223,48.5,38.9,2020-09-22
White,92581,17.0,4440,29.8,36.6,2020-09-22
Asian,30073,5.5,1739,11.7,15.4,2020-09-22
Black,23232,4.3,1151,7.7,6.0,2020-09-22
Multi-Race,5653,1.0,105,0.7,2.2,2020-09-22
American Indian or Alaska Native,1409,0.3,46,0.3,0.5,2020-09-22
Native Hawaiian and other Pacific Islander,2967,0.5,66,0.4,0.3,2020-09-22
Other,56189,10.3,119,0.8,0.0,2020-09-22
Latino,335051,61.1,7282,48.5,38.9,2020-09-23
White,93258,17.0,4474,29.8,36.6,2020-09-23
Asian,30246,5.5,1752,11.7,15.4,2020-09-23
Black,23355,4.3,1157,7.7,6.0,2020-09-23
Multi-Race,5713,1.0,102,0.7,2.2,2020-09-23
American Indian or Alaska Native,1418,0.3,48,0.3,0.5,2020-09-23
Native Hawaiian and other Pacific Islander,2983,0.5,68,0.5,0.3,2020-09-23
Other,56134,10.2,116,0.8,0.0,2020-09-23
Latino,337558,61.2,7334,48.6,38.9,2020-09-24
White,93926,17.0,4495,29.8,36.6,2020-09-24
Asian,30456,5.5,1765,11.7,15.4,2020-09-24
Black,23493,4.3,1167,7.7,6.0,2020-09-24
Multi-Race,5778,1.0,102,0.7,2.2,2020-09-24
American Indian or Alaska Native,1437,0.3,49,0.3,0.5,2020-09-24
Native Hawaiian and other Pacific Islander,2985,0.5,67,0.4,0.3,2020-09-24
Other,56109,10.2,118,0.8,0.0,2020-09-24
Latino,339485,61.1,7376,48.5,38.9,2020-09-25
White,94772,17.1,4537,29.8,36.6,2020-09-25
Asian,30654,5.5,1779,11.7,15.4,2020-09-25
Black,23695,4.3,1172,7.7,6.0,2020-09-25
Multi-Race,5830,1.0,101,0.7,2.2,2020-09-25
American Indian or Alaska Native,1464,0.3,49,0.3,0.5,2020-09-25
Native Hawaiian and other Pacific Islander,3009,0.5,68,0.4,0.3,2020-09-25
Other,56414,10.2,121,0.8,0.0,2020-09-25
Latino,341600,61.1,7389,48.4,38.9,2020-09-26
White,95499,17.1,4567,29.9,36.6,2020-09-26
Asian,30841,5.5,1794,11.7,15.4,2020-09-26
Black,23848,4.3,1177,7.7,6.0,2020-09-26
Multi-Race,5883,1.1,99,0.6,2.2,2020-09-26
American Indian or Alaska Native,1480,0.3,49,0.3,0.5,2020-09-26
Native Hawaiian and other Pacific Islander,3034,0.5,69,0.5,0.3,2020-09-26
Other,56629,10.1,125,0.8,0.0,2020-09-26
Latino,342756,61.1,7400,48.4,38.9,2020-09-27
White,95894,17.1,4572,29.9,36.6,2020-09-27
Asian,30963,5.5,1795,11.7,15.4,2020-09-27
Black,23911,4.3,1178,7.7,6.0,2020-09-27
Multi-Race,5941,1.1,99,0.6,2.2,2020-09-27
American Indian or Alaska Native,1491,0.3,49,0.3,0.5,2020-09-27
Native Hawaiian and other Pacific Islander,3042,0.5,69,0.5,0.3,2020-09-27
Other,56725,10.1,125,0.8,0.0,2020-09-27
Latino,343345,61.1,7404,48.4,38.9,2020-09-28
White,96157,17.1,4577,29.9,36.6,2020-09-28
Asian,31031,5.5,1800,11.8,15.4,2020-09-28
Black,23943,4.3,1178,7.7,6.0,2020-09-28
Multi-Race,5943,1.1,99,0.6,2.2,2020-09-28
American Indian or Alaska Native,1495,0.3,49,0.3,0.5,2020-09-28
Native Hawaiian and other Pacific Islander,3047,0.5,69,0.5,0.3,2020-09-28
Other,56887,10.1,124,0.8,0.0,2020-09-28
Latino,344920,61.1,7494,48.3,38.9,2020-09-29
White,96828,17.1,4658,30.0,36.6,2020-09-29
Asian,31218,5.5,1828,11.8,15.4,2020-09-29
Black,24098,4.3,1186,7.6,6.0,2020-09-29
Multi-Race,5966,1.1,103,0.7,2.2,2020-09-29
American Indian or Alaska Native,1510,0.3,49,0.3,0.5,2020-09-29
Native Hawaiian and other Pacific Islander,3060,0.5,73,0.5,0.3,2020-09-29
Other,57167,10.1,125,0.8,0.0,2020-09-29
Latino,347065,61.1,7549,48.4,38.9,2020-09-30
White,97491,17.2,4681,30.0,36.6,2020-09-30
Asian,31419,5.5,1832,11.7,15.4,2020-09-30
Black,24242,4.3,1192,7.6,6.0,2020-09-30
Multi-Race,6024,1.1,106,0.7,2.2,2020-09-30
American Indian or Alaska Native,1525,0.3,49,0.3,0.5,2020-09-30
Native Hawaiian and other Pacific Islander,3079,0.5,73,0.5,0.3,2020-09-30
Other,57167,10.1,128,0.8,0.0,2020-09-30
Latino,348997,61.1,7639,48.4,38.9,2020-10-01
White,98284,17.2,4721,29.9,36.6,2020-10-01
Asian,31626,5.5,1852,11.7,15.4,2020-10-01
Black,24396,4.3,1205,7.6,6.0,2020-10-01
Multi-Race,6138,1.1,106,0.7,2.2,2020-10-01
American Indian or Alaska Native,1542,0.3,48,0.3,0.5,2020-10-01
Native Hawaiian and other Pacific Islander,3092,0.5,74,0.5,0.3,2020-10-01
Other,57389,10.0,126,0.8,0.0,2020-10-01
Latino,350190,61.1,7660,48.5,38.9,2020-10-02
White,98625,17.2,4727,30.0,36.6,2020-10-02
Asian,31772,5.5,1855,11.8,15.4,2020-10-02
Black,24475,4.3,1201,7.6,6.0,2020-10-02
Multi-Race,6192,1.1,109,0.7,2.2,2020-10-02
American Indian or Alaska Native,1557,0.3,49,0.3,0.5,2020-10-02
Native Hawaiian and other Pacific Islander,3101,0.5,74,0.5,0.3,2020-10-02
Other,57322,10.0,106,0.7,0.0,2020-10-02
Latino,351834,61.1,7697,48.6,38.9,2020-10-03
White,99208,17.2,4738,29.9,36.6,2020-10-03
Asian,31990,5.6,1869,11.8,15.4,2020-10-03
Black,24581,4.3,1213,7.7,6.0,2020-10-03
Multi-Race,6241,1.1,110,0.7,2.2,2020-10-03
American Indian or Alaska Native,1568,0.3,48,0.3,0.5,2020-10-03
Native Hawaiian and other Pacific Islander,3120,0.5,76,0.5,0.3,2020-10-03
Other,57494,10.0,92,0.6,0.0,2020-10-03
Latino,353042,61.1,7708,48.6,38.9,2020-10-04
White,99584,17.2,4746,29.9,36.6,2020-10-04
Asian,32127,5.6,1873,11.8,15.4,2020-10-04
Black,24660,4.3,1213,7.6,6.0,2020-10-04
Multi-Race,6273,1.1,113,0.7,2.2,2020-10-04
American Indian or Alaska Native,1580,0.3,48,0.3,0.5,2020-10-04
Native Hawaiian and other Pacific Islander,3131,0.5,76,0.5,0.3,2020-10-04
Other,57665,10.0,89,0.6,0.0,2020-10-04
Latino,353765,61.1,7725,48.6,38.9,2020-10-05
White,99855,17.2,4753,29.9,36.6,2020-10-05
Asian,32229,5.6,1871,11.8,15.4,2020-10-05
Black,24704,4.3,1214,7.6,6.0,2020-10-05
Multi-Race,6292,1.1,113,0.7,2.2,2020-10-05
American Indian or Alaska Native,1582,0.3,48,0.3,0.5,2020-10-05
Native Hawaiian and other Pacific Islander,3135,0.5,76,0.5,0.3,2020-10-05
Other,57708,10.0,91,0.6,0.0,2020-10-05
Latino,355086,61.1,7778,48.6,38.9,2020-10-06
White,100382,17.3,4786,29.9,36.6,2020-10-06
Asian,32359,5.6,1881,11.8,15.4,2020-10-06
Black,24802,4.3,1217,7.6,6.0,2020-10-06
Multi-Race,6335,1.1,114,0.7,2.2,2020-10-06
American Indian or Alaska Native,1588,0.3,48,0.3,0.5,2020-10-06
Native Hawaiian and other Pacific Islander,3151,0.5,78,0.5,0.3,2020-10-06
Other,57848,9.9,94,0.6,0.0,2020-10-06
Latino,357277,61.1,7818,48.6,38.9,2020-10-07
White,100982,17.3,4812,29.9,36.6,2020-10-07
Asian,32533,5.6,1888,11.7,15.4,2020-10-07
Black,24968,4.3,1226,7.6,6.0,2020-10-07
Multi-Race,6371,1.1,114,0.7,2.2,2020-10-07
American Indian or Alaska Native,1606,0.3,49,0.3,0.5,2020-10-07
Native Hawaiian and other Pacific Islander,3160,0.5,79,0.5,0.3,2020-10-07
Other,58200,9.9,95,0.6,0.0,2020-10-07
Latino,359286,61.1,7847,48.6,38.9,2020-10-08
White,101705,17.3,4832,29.9,36.6,2020-10-08
Asian,32711,5.6,1900,11.8,15.4,2020-10-08
Black,25068,4.3,1229,7.6,6.0,2020-10-08
Multi-Race,6423,1.1,115,0.7,2.2,2020-10-08
American Indian or Alaska Native,1620,0.3,51,0.3,0.5,2020-10-08
Native Hawaiian and other Pacific Islander,3169,0.5,77,0.5,0.3,2020-10-08
Other,58360,9.9,99,0.6,0.0,2020-10-08
Latino,361176,61.1,7884,48.6,38.9,2020-10-09
White,102338,17.3,4866,30.0,36.6,2020-10-09
Asian,32868,5.6,1903,11.7,15.4,2020-10-09
Black,25191,4.3,1233,7.6,6.0,2020-10-09
Multi-Race,6460,1.1,116,0.7,2.2,2020-10-09
American Indian or Alaska Native,1637,0.3,51,0.3,0.5,2020-10-09
Native Hawaiian and other Pacific Islander,3184,0.5,77,0.5,0.3,2020-10-09
Other,58545,9.9,101,0.6,0.0,2020-10-09
Latino,363000,61.1,7911,48.5,38.9,2020-10-10
White,102955,17.3,4900,30.0,36.6,2020-10-10
Asian,33038,5.6,1907,11.7,15.4,2020-10-10
Black,25312,4.3,1238,7.6,6.0,2020-10-10
Multi-Race,6513,1.1,117,0.7,2.2,2020-10-10
American Indian or Alaska Native,1649,0.3,51,0.3,0.5,2020-10-10
Native Hawaiian and other Pacific Islander,3198,0.5,78,0.5,0.3,2020-10-10
Other,58729,9.9,105,0.6,0.0,2020-10-10
Latino,364483,61.1,7916,48.5,38.9,2020-10-11
White,103531,17.3,4903,30.1,36.6,2020-10-11
Asian,33167,5.6,1908,11.7,15.4,2020-10-11
Black,25414,4.3,1237,7.6,6.0,2020-10-11
Multi-Race,6549,1.1,118,0.7,2.2,2020-10-11
American Indian or Alaska Native,1661,0.3,51,0.3,0.5,2020-10-11
Native Hawaiian and other Pacific Islander,3210,0.5,78,0.5,0.3,2020-10-11
Other,59006,9.9,105,0.6,0.0,2020-10-11
Latino,365574,61.1,7921,48.5,38.9,2020-10-12
White,103828,17.3,4911,30.1,36.6,2020-10-12
Asian,33260,5.6,1909,11.7,15.4,2020-10-12
Black,25460,4.3,1235,7.6,6.0,2020-10-12
Multi-Race,6586,1.1,119,0.7,2.2,2020-10-12
American Indian or Alaska Native,1668,0.3,51,0.3,0.5,2020-10-12
Native Hawaiian and other Pacific Islander,3216,0.5,78,0.5,0.3,2020-10-12
Other,59085,9.9,104,0.6,0.0,2020-10-12
Latino,366314,61.1,7959,48.6,38.9,2020-10-13
White,104140,17.4,4929,30.1,36.6,2020-10-13
Asian,33342,5.6,1914,11.7,15.4,2020-10-13
Black,25515,4.3,1237,7.5,6.0,2020-10-13
Multi-Race,6604,1.1,122,0.7,2.2,2020-10-13
American Indian or Alaska Native,1676,0.3,51,0.3,0.5,2020-10-13
Native Hawaiian and other Pacific Islander,3220,0.5,76,0.5,0.3,2020-10-13
Other,59198,9.9,101,0.6,0.0,2020-10-13
Latino,368223,61.1,8012,48.6,38.9,2020-10-14
White,104635,17.4,4950,30.0,36.6,2020-10-14
Asian,33500,5.6,1929,11.7,15.4,2020-10-14
Black,25604,4.2,1243,7.5,6.0,2020-10-14
Multi-Race,6665,1.1,122,0.7,2.2,2020-10-14
American Indian or Alaska Native,1691,0.3,52,0.3,0.5,2020-10-14
Native Hawaiian and other Pacific Islander,3237,0.5,76,0.5,0.3,2020-10-14
Other,59191,9.8,96,0.6,0.0,2020-10-14
Latino,370179,61.1,8054,48.6,38.9,2020-10-15
White,105283,17.4,4979,30.1,36.6,2020-10-15
Asian,33657,5.6,1943,11.7,15.4,2020-10-15
Black,25725,4.2,1247,7.5,6.0,2020-10-15
Multi-Race,6722,1.1,122,0.7,2.2,2020-10-15
American Indian or Alaska Native,1707,0.3,52,0.3,0.5,2020-10-15
Native Hawaiian and other Pacific Islander,3251,0.5,77,0.5,0.3,2020-10-15
Other,59256,9.8,89,0.5,0.0,2020-10-15
Latino,372003,61.1,8079,48.6,38.9,2020-10-16
White,105829,17.4,4998,30.1,36.6,2020-10-16
Asian,33798,5.6,1958,11.8,15.4,2020-10-16
Black,25832,4.2,1256,7.6,6.0,2020-10-16
Multi-Race,6791,1.1,125,0.8,2.2,2020-10-16
American Indian or Alaska Native,1712,0.3,53,0.3,0.5,2020-10-16
Native Hawaiian and other Pacific Islander,3263,0.5,77,0.5,0.3,2020-10-16
Other,59182,9.7,86,0.5,0.0,2020-10-16
Latino,373742,61.2,8128,48.6,38.9,2020-10-17
White,106404,17.4,5032,30.1,36.6,2020-10-17
Asian,33970,5.6,1963,11.7,15.4,2020-10-17
Black,25928,4.2,1258,7.5,6.0,2020-10-17
Multi-Race,6846,1.1,128,0.8,2.2,2020-10-17
American Indian or Alaska Native,1734,0.3,53,0.3,0.5,2020-10-17
Native Hawaiian and other Pacific Islander,3276,0.5,79,0.5,0.3,2020-10-17
Other,59251,9.7,88,0.5,0.0,2020-10-17
Latino,375084,61.1,8139,48.6,38.9,2020-10-18
White,106930,17.4,5034,30.1,36.6,2020-10-18
Asian,34140,5.6,1964,11.7,15.4,2020-10-18
Black,26030,4.2,1258,7.5,6.0,2020-10-18
Multi-Race,6874,1.1,129,0.8,2.2,2020-10-18
American Indian or Alaska Native,1743,0.3,53,0.3,0.5,2020-10-18
Native Hawaiian and other Pacific Islander,3294,0.5,78,0.5,0.3,2020-10-18
Other,59577,9.7,86,0.5,0.0,2020-10-18
Latino,376154,61.1,8143,48.6,38.9,2020-10-19
White,107398,17.4,5035,30.1,36.6,2020-10-19
Asian,34246,5.6,1966,11.7,15.4,2020-10-19
Black,26098,4.2,1260,7.5,6.0,2020-10-19
Multi-Race,6894,1.1,129,0.8,2.2,2020-10-19
American Indian or Alaska Native,1749,0.3,53,0.3,0.5,2020-10-19
Native Hawaiian and other Pacific Islander,3307,0.5,78,0.5,0.3,2020-10-19
Other,59903,9.7,87,0.5,0.0,2020-10-19
Latino,377694,61.0,8185,48.6,38.9,2020-10-20
White,108007,17.5,5060,30.1,36.6,2020-10-20
Asian,34451,5.6,1976,11.7,15.4,2020-10-20
Black,26217,4.2,1266,7.5,6.0,2020-10-20
Multi-Race,6930,1.1,130,0.8,2.2,2020-10-20
American Indian or Alaska Native,1758,0.3,53,0.3,0.5,2020-10-20
Native Hawaiian and other Pacific Islander,3325,0.5,79,0.5,0.3,2020-10-20
Other,60304,9.7,84,0.5,0.0,2020-10-20
Latino,379617,61.1,8248,48.6,38.9,2020-10-21
White,108632,17.5,5100,30.1,36.6,2020-10-21
Asian,34633,5.6,1998,11.8,15.4,2020-10-21
Black,26305,4.2,1275,7.5,6.0,2020-10-21
Multi-Race,6992,1.1,132,0.8,2.2,2020-10-21
American Indian or Alaska Native,1767,0.3,54,0.3,0.5,2020-10-21
Native Hawaiian and other Pacific Islander,3334,0.5,80,0.5,0.3,2020-10-21
Other,60364,9.7,82,0.5,0.0,2020-10-21
Latino,382567,61.1,8277,48.6,38.9,2020-10-22
White,109500,17.5,5123,30.1,36.6,2020-10-22
Asian,34895,5.6,2005,11.8,15.4,2020-10-22
Black,26489,4.2,1277,7.5,6.0,2020-10-22
Multi-Race,7077,1.1,131,0.8,2.2,2020-10-22
American Indian or Alaska Native,1779,0.3,55,0.3,0.5,2020-10-22
Native Hawaiian and other Pacific Islander,3357,0.5,80,0.5,0.3,2020-10-22
Other,60828,9.7,82,0.5,0.0,2020-10-22
Latino,385597,61.1,8296,48.6,38.9,2020-10-23
White,110436,17.5,5137,30.1,36.6,2020-10-23
Asian,35143,5.6,2013,11.8,15.4,2020-10-23
Black,26688,4.2,1277,7.5,6.0,2020-10-23
Multi-Race,7146,1.1,131,0.8,2.2,2020-10-23
American Indian or Alaska Native,1798,0.3,56,0.3,0.5,2020-10-23
Native Hawaiian and other Pacific Islander,3369,0.5,80,0.5,0.3,2020-10-23
Other,61309,9.7,83,0.5,0.0,2020-10-23
Latino,387923,61.1,8324,48.6,38.9,2020-10-24
White,111182,17.5,5155,30.1,36.6,2020-10-24
Asian,35334,5.6,2017,11.8,15.4,2020-10-24
Black,26820,4.2,1278,7.5,6.0,2020-10-24
Multi-Race,7205,1.1,134,0.8,2.2,2020-10-24
American Indian or Alaska Native,1805,0.3,56,0.3,0.5,2020-10-24
Native Hawaiian and other Pacific Islander,3388,0.5,81,0.5,0.3,2020-10-24
Other,61630,9.7,83,0.5,0.0,2020-10-24
Latino,389148,61.0,8334,48.6,38.9,2020-10-25
White,111681,17.5,5155,30.1,36.6,2020-10-25
Asian,35463,5.6,2019,11.8,15.4,2020-10-25
Black,26898,4.2,1278,7.5,6.0,2020-10-25
Multi-Race,7254,1.1,134,0.8,2.2,2020-10-25
American Indian or Alaska Native,1812,0.3,56,0.3,0.5,2020-10-25
Native Hawaiian and other Pacific Islander,3390,0.5,81,0.5,0.3,2020-10-25
Other,61789,9.7,83,0.5,0.0,2020-10-25
Latino,389857,61.0,8339,48.6,38.9,2020-10-26
White,112132,17.5,5162,30.1,36.6,2020-10-26
Asian,35553,5.6,2020,11.8,15.4,2020-10-26
Black,26973,4.2,1279,7.5,6.0,2020-10-26
Multi-Race,7261,1.1,134,0.8,2.2,2020-10-26
American Indian or Alaska Native,1816,0.3,56,0.3,0.5,2020-10-26
Native Hawaiian and other Pacific Islander,3398,0.5,81,0.5,0.3,2020-10-26
Other,62209,9.7,86,0.5,0.0,2020-10-26
Latino,392284,61.0,8407,48.7,38.9,2020-10-27
White,112941,17.6,5197,30.1,36.6,2020-10-27
Asian,35763,5.6,2028,11.7,15.4,2020-10-27
Black,27109,4.2,1288,7.5,6.0,2020-10-27
Multi-Race,7309,1.1,138,0.8,2.2,2020-10-27
American Indian or Alaska Native,1828,0.3,57,0.3,0.5,2020-10-27
Native Hawaiian and other Pacific Islander,3417,0.5,81,0.5,0.3,2020-10-27
Other,62397,9.7,83,0.5,0.0,2020-10-27
Latino,394361,61.0,8429,48.6,38.9,2020-10-28
White,113682,17.6,5228,30.1,36.6,2020-10-28
Asian,35956,5.6,2036,11.7,15.4,2020-10-28
Black,27247,4.2,1292,7.4,6.0,2020-10-28
Multi-Race,7342,1.1,139,0.8,2.2,2020-10-28
American Indian or Alaska Native,1842,0.3,57,0.3,0.5,2020-10-28
Native Hawaiian and other Pacific Islander,3440,0.5,81,0.5,0.3,2020-10-28
Other,62615,9.7,88,0.5,0.0,2020-10-28
Latino,396813,61.0,8449,48.6,38.9,2020-10-29
White,114492,17.6,5238,30.1,36.6,2020-10-29
Asian,36199,5.6,2045,11.8,15.4,2020-10-29
Black,27387,4.2,1296,7.5,6.0,2020-10-29
Multi-Race,7426,1.1,139,0.8,2.2,2020-10-29
American Indian or Alaska Native,1850,0.3,57,0.3,0.5,2020-10-29
Native Hawaiian and other Pacific Islander,3465,0.5,81,0.5,0.3,2020-10-29
Other,62737,9.6,88,0.5,0.0,2020-10-29
Latino,399005,61.0,8483,48.6,38.9,2020-10-30
White,115529,17.7,5250,30.1,36.6,2020-10-30
Asian,36422,5.6,2049,11.7,15.4,2020-10-30
Black,27564,4.2,1299,7.4,6.0,2020-10-30
Multi-Race,7467,1.1,139,0.8,2.2,2020-10-30
American Indian or Alaska Native,1869,0.3,59,0.3,0.5,2020-10-30
Native Hawaiian and other Pacific Islander,3492,0.5,81,0.5,0.3,2020-10-30
Other,63179,9.7,87,0.5,0.0,2020-10-30
Latino,401503,61.0,8506,48.6,38.9,2020-10-31
White,116385,17.7,5269,30.1,36.6,2020-10-31
Asian,36626,5.6,2060,11.8,15.4,2020-10-31
Black,27719,4.2,1308,7.5,6.0,2020-10-31
Multi-Race,7562,1.1,142,0.8,2.2,2020-10-31
American Indian or Alaska Native,1879,0.3,58,0.3,0.5,2020-10-31
Native Hawaiian and other Pacific Islander,3514,0.5,82,0.5,0.3,2020-10-31
Other,63328,9.6,74,0.4,0.0,2020-10-31
Latino,403069,60.9,8514,48.6,38.9,2020-11-01
White,117098,17.7,5274,30.1,36.6,2020-11-01
Asian,36774,5.6,2062,11.8,15.4,2020-11-01
Black,27836,4.2,1309,7.5,6.0,2020-11-01
Multi-Race,7611,1.2,142,0.8,2.2,2020-11-01
American Indian or Alaska Native,1881,0.3,58,0.3,0.5,2020-11-01
Native Hawaiian and other Pacific Islander,3532,0.5,82,0.5,0.3,2020-11-01
Other,63761,9.6,75,0.4,0.0,2020-11-01
Latino,404392,60.9,8516,48.6,38.9,2020-11-02
White,117764,17.7,5281,30.1,36.6,2020-11-02
Asian,36930,5.6,2063,11.8,15.4,2020-11-02
Black,27951,4.2,1309,7.5,6.0,2020-11-02
Multi-Race,7650,1.2,142,0.8,2.2,2020-11-02
American Indian or Alaska Native,1893,0.3,58,0.3,0.5,2020-11-02
Native Hawaiian and other Pacific Islander,3557,0.5,82,0.5,0.3,2020-11-02
Other,64271,9.7,75,0.4,0.0,2020-11-02
Latino,407046,60.9,8547,48.5,38.9,2020-11-03
White,118777,17.8,5313,30.2,36.6,2020-11-03
Asian,37185,5.6,2071,11.8,15.4,2020-11-03
Black,28099,4.2,1316,7.5,6.0,2020-11-03
Multi-Race,7765,1.2,143,0.8,2.2,2020-11-03
American Indian or Alaska Native,1899,0.3,58,0.3,0.5,2020-11-03
Native Hawaiian and other Pacific Islander,3582,0.5,84,0.5,0.3,2020-11-03
Other,64357,9.6,77,0.4,0.0,2020-11-03
Latino,408768,60.9,8573,48.5,38.9,2020-11-04
White,119441,17.8,5330,30.2,36.6,2020-11-04
Asian,37359,5.6,2081,11.8,15.4,2020-11-04
Black,28193,4.2,1318,7.5,6.0,2020-11-04
Multi-Race,7789,1.2,144,0.8,2.2,2020-11-04
American Indian or Alaska Native,1911,0.3,58,0.3,0.5,2020-11-04
Native Hawaiian and other Pacific Islander,3597,0.5,84,0.5,0.3,2020-11-04
Other,64695,9.6,79,0.4,0.0,2020-11-04
Latino,411702,60.8,8610,48.5,38.9,2020-11-05
White,120812,17.8,5347,30.1,36.6,2020-11-05
Asian,37716,5.6,2089,11.8,15.4,2020-11-05
Black,28446,4.2,1320,7.4,6.0,2020-11-05
Multi-Race,7890,1.2,145,0.8,2.2,2020-11-05
American Indian or Alaska Native,1948,0.3,58,0.3,0.5,2020-11-05
Native Hawaiian and other Pacific Islander,3631,0.5,84,0.5,0.3,2020-11-05
Other,65320,9.6,82,0.5,0.0,2020-11-05
Latino,414646,60.7,8629,48.5,38.9,2020-11-06
White,122004,17.9,5366,30.2,36.6,2020-11-06
Asian,37980,5.6,2092,11.8,15.4,2020-11-06
Black,28651,4.2,1321,7.4,6.0,2020-11-06
Multi-Race,7984,1.2,146,0.8,2.2,2020-11-06
American Indian or Alaska Native,1969,0.3,59,0.3,0.5,2020-11-06
Native Hawaiian and other Pacific Islander,3662,0.5,84,0.5,0.3,2020-11-06
Other,65757,9.6,80,0.5,0.0,2020-11-06
Latino,418220,60.7,8662,48.5,38.9,2020-11-07
White,123476,17.9,5395,30.2,36.6,2020-11-07
Asian,38384,5.6,2095,11.7,15.4,2020-11-07
Black,28920,4.2,1325,7.4,6.0,2020-11-07
Multi-Race,8172,1.2,148,0.8,2.2,2020-11-07
American Indian or Alaska Native,1977,0.3,59,0.3,0.5,2020-11-07
Native Hawaiian and other Pacific Islander,3698,0.5,86,0.5,0.3,2020-11-07
Other,66179,9.6,82,0.5,0.0,2020-11-07
Latino,420293,60.6,8664,48.5,38.9,2020-11-08
White,124583,18.0,5395,30.2,36.6,2020-11-08
Asian,38622,5.6,2096,11.7,15.4,2020-11-08
Black,29117,4.2,1326,7.4,6.0,2020-11-08
Multi-Race,8198,1.2,148,0.8,2.2,2020-11-08
American Indian or Alaska Native,1989,0.3,59,0.3,0.5,2020-11-08
Native Hawaiian and other Pacific Islander,3728,0.5,86,0.5,0.3,2020-11-08
Other,66965,9.7,82,0.5,0.0,2020-11-08
Latino,422108,60.6,8667,48.5,38.9,2020-11-09
White,125417,18.0,5396,30.2,36.6,2020-11-09
Asian,38819,5.6,2096,11.7,15.4,2020-11-09
Black,29264,4.2,1327,7.4,6.0,2020-11-09
Multi-Race,8251,1.2,148,0.8,2.2,2020-11-09
American Indian or Alaska Native,1992,0.3,59,0.3,0.5,2020-11-09
Native Hawaiian and other Pacific Islander,3743,0.5,86,0.5,0.3,2020-11-09
Other,67505,9.7,82,0.5,0.0,2020-11-09
Latino,424660,60.5,8706,48.5,38.9,2020-11-10
White,126715,18.0,5422,30.2,36.6,2020-11-10
Asian,39196,5.6,2100,11.7,15.4,2020-11-10
Black,29482,4.2,1331,7.4,6.0,2020-11-10
Multi-Race,8345,1.2,149,0.8,2.2,2020-11-10
American Indian or Alaska Native,2021,0.3,59,0.3,0.5,2020-11-10
Native Hawaiian and other Pacific Islander,3765,0.5,87,0.5,0.3,2020-11-10
Other,67963,9.7,82,0.5,0.0,2020-11-10
Latino,428032,60.4,8731,48.6,38.9,2020-11-11
White,128285,18.1,5432,30.2,36.6,2020-11-11
Asian,39568,5.6,2107,11.7,15.4,2020-11-11
Black,29757,4.2,1332,7.4,6.0,2020-11-11
Multi-Race,8473,1.2,151,0.8,2.2,2020-11-11
American Indian or Alaska Native,2057,0.3,59,0.3,0.5,2020-11-11
Native Hawaiian and other Pacific Islander,3814,0.5,87,0.5,0.3,2020-11-11
Other,68785,9.7,81,0.5,0.0,2020-11-11
Latino,431342,60.3,8747,48.6,38.9,2020-11-12
White,129660,18.1,5438,30.2,36.6,2020-11-12
Asian,39926,5.6,2109,11.7,15.4,2020-11-12
Black,29986,4.2,1331,7.4,6.0,2020-11-12
Multi-Race,8589,1.2,153,0.8,2.2,2020-11-12
American Indian or Alaska Native,2077,0.3,59,0.3,0.5,2020-11-12
Native Hawaiian and other Pacific Islander,3827,0.5,87,0.5,0.3,2020-11-12
Other,69433,9.7,82,0.5,0.0,2020-11-12
Latino,434590,60.2,8779,48.6,38.9,2020-11-13
White,131364,18.2,5467,30.2,36.6,2020-11-13
Asian,40403,5.6,2114,11.7,15.4,2020-11-13
Black,30234,4.2,1336,7.4,6.0,2020-11-13
Multi-Race,8665,1.2,153,0.8,2.2,2020-11-13
American Indian or Alaska Native,2095,0.3,59,0.3,0.5,2020-11-13
Native Hawaiian and other Pacific Islander,3878,0.5,87,0.5,0.3,2020-11-13
Other,70166,9.7,82,0.5,0.0,2020-11-13
